<?xml version="1.0" encoding="UTF-8"?>
<MF0 version="1.1" packageUris="http://schema.mathworks.com/mf0/ci/19700101 http://schema.mathworks.com/mf0/sl_modelref_info/R2022b http://schema.mathworks.com/mf0/slexec_mm_sto/R2022b_202202091112 http://schema.mathworks.com/mf0/sltp_mm/R2022b_202203181029">
  <ModelRefInfoRepo.ModelRefInfoRoot type="ModelRefInfoRepo.ModelRefInfoRoot" uuid="56e1dfe1-9b56-4749-8b9a-8604c6d9fac5">
    <JITEngines>sJArmAsTfFQFZ8yPGs8F7UB</JITEngines>
    <JITEngines>siWJ0zzyFxPtucpzrk1a8jE</JITEngines>
    <JITEngines>sjjwwCCYULhCegRqnpETEnB</JITEngines>
    <childModelRefInfo type="ModelRefInfoRepo.ChildModelRefInfo" uuid="d61f49bc-b03b-40e5-a218-5932621f0148">
      <modelName>DrivetrainEv</modelName>
      <modelPath>DrivetrainEv</modelPath>
    </childModelRefInfo>
    <compDerivCacheNeedsReset>false</compDerivCacheNeedsReset>
    <compToGrInputPortMaps type="ModelRefInfoRepo.GrCompIOPortMaps" uuid="82d8fc98-9928-454d-9e03-5ee8e280a20f">
      <grAndCompPorts>0</grAndCompPorts>
      <grAndCompPorts>0</grAndCompPorts>
    </compToGrInputPortMaps>
    <compToGrInputPortMaps type="ModelRefInfoRepo.GrCompIOPortMaps" uuid="1cf46c29-1730-4812-87b2-c8e3851ebd38">
      <grAndCompPorts>1</grAndCompPorts>
      <grAndCompPorts>1</grAndCompPorts>
    </compToGrInputPortMaps>
    <compToGrInputPortMaps type="ModelRefInfoRepo.GrCompIOPortMaps" uuid="5ed32642-f57b-4bbe-87a6-17ec5ebd0312">
      <grAndCompPorts>2</grAndCompPorts>
      <grAndCompPorts>2</grAndCompPorts>
    </compToGrInputPortMaps>
    <compToGrInputPortMaps type="ModelRefInfoRepo.GrCompIOPortMaps" uuid="e44ee2cc-ed27-48ed-b1c0-e155db3ae9c9">
      <grAndCompPorts>3</grAndCompPorts>
      <grAndCompPorts>3</grAndCompPorts>
    </compToGrInputPortMaps>
    <compToGrOutputPortMaps type="ModelRefInfoRepo.GrCompIOPortMaps" uuid="00e3952b-18b9-4321-8ec8-8730b08848a8">
      <grAndCompPorts>0</grAndCompPorts>
      <grAndCompPorts>0</grAndCompPorts>
    </compToGrOutputPortMaps>
    <compToGrOutputPortMaps type="ModelRefInfoRepo.GrCompIOPortMaps" uuid="c0368a58-df31-402f-b481-75d0d8a11901">
      <grAndCompPorts>1</grAndCompPorts>
      <grAndCompPorts>1</grAndCompPorts>
    </compToGrOutputPortMaps>
    <compZcCacheNeedsReset>false</compZcCacheNeedsReset>
    <dataDictionary>DrivetrainEv.sldd</dataDictionary>
    <dataDictionarySet>DrivetrainEv.sldd</dataDictionarySet>
    <dataDictionarySetForDataTypeCheck>DrivetrainEv.sldd</dataDictionarySetForDataTypeCheck>
    <dataTransferInfos>AAFJTQAAAAAOAAAAOAAAAAYAAAAIAAAAAgAAAAAAAAAFAAAACAAAAAAAAAABAAAAAQAAAAAAAAAFAAQAAQAAAAEAAAAAAAAA</dataTransferInfos>
    <defaultsCMapping>{&quot;Inports&quot;:&quot;{\&quot;Name\&quot;:\&quot;Default\&quot;,\&quot;Checksum\&quot;:\&quot;Default\&quot;,\&quot;PerInstancePropertiesChecksum\&quot;:\&quot;\&quot;,\&quot;MemorySectionName\&quot;:\&quot;None\&quot;,\&quot;MemorySectionChecksum\&quot;:\&quot;None\&quot;}&quot;,&quot;Outports&quot;:&quot;{\&quot;Name\&quot;:\&quot;Default\&quot;,\&quot;Checksum\&quot;:\&quot;Default\&quot;,\&quot;PerInstancePropertiesChecksum\&quot;:\&quot;\&quot;,\&quot;MemorySectionName\&quot;:\&quot;None\&quot;,\&quot;MemorySectionChecksum\&quot;:\&quot;None\&quot;}&quot;,&quot;ParameterArguments&quot;:&quot;{\&quot;Name\&quot;:\&quot;Default\&quot;,\&quot;Checksum\&quot;:\&quot;Default\&quot;,\&quot;PerInstancePropertiesChecksum\&quot;:\&quot;\&quot;,\&quot;MemorySectionName\&quot;:\&quot;None\&quot;,\&quot;MemorySectionChecksum\&quot;:\&quot;None\&quot;}&quot;,&quot;LocalParameters&quot;:&quot;{\&quot;Name\&quot;:\&quot;Default\&quot;,\&quot;Checksum\&quot;:\&quot;Default\&quot;,\&quot;PerInstancePropertiesChecksum\&quot;:\&quot;\&quot;,\&quot;MemorySectionName\&quot;:\&quot;None\&quot;,\&quot;MemorySectionChecksum\&quot;:\&quot;None\&quot;}&quot;,&quot;GlobalParameters&quot;:&quot;{\&quot;Name\&quot;:\&quot;Default\&quot;,\&quot;Checksum\&quot;:\&quot;Default\&quot;,\&quot;PerInstancePropertiesChecksum\&quot;:\&quot;\&quot;,\&quot;MemorySectionName\&quot;:\&quot;None\&quot;,\&quot;MemorySectionChecksum\&quot;:\&quot;None\&quot;}&quot;,&quot;InternalData&quot;:&quot;{\&quot;Name\&quot;:\&quot;Default\&quot;,\&quot;Checksum\&quot;:\&quot;Default\&quot;,\&quot;PerInstancePropertiesChecksum\&quot;:\&quot;\&quot;,\&quot;MemorySectionName\&quot;:\&quot;None\&quot;,\&quot;MemorySectionChecksum\&quot;:\&quot;None\&quot;}&quot;,&quot;SharedLocalDataStores&quot;:&quot;{\&quot;Name\&quot;:\&quot;Default\&quot;,\&quot;Checksum\&quot;:\&quot;Default\&quot;,\&quot;PerInstancePropertiesChecksum\&quot;:\&quot;\&quot;,\&quot;MemorySectionName\&quot;:\&quot;None\&quot;,\&quot;MemorySectionChecksum\&quot;:\&quot;None\&quot;}&quot;,&quot;GlobalDataStores&quot;:&quot;{\&quot;Name\&quot;:\&quot;Default\&quot;,\&quot;Checksum\&quot;:\&quot;Default\&quot;,\&quot;PerInstancePropertiesChecksum\&quot;:\&quot;\&quot;,\&quot;MemorySectionName\&quot;:\&quot;None\&quot;,\&quot;MemorySectionChecksum\&quot;:\&quot;None\&quot;}&quot;,&quot;Constants&quot;:&quot;{\&quot;Name\&quot;:\&quot;Default\&quot;,\&quot;Checksum\&quot;:\&quot;Default\&quot;,\&quot;PerInstancePropertiesChecksum\&quot;:\&quot;\&quot;,\&quot;MemorySectionName\&quot;:\&quot;None\&quot;,\&quot;MemorySectionChecksum\&quot;:\&quot;None\&quot;}&quot;,&quot;DataTransfers&quot;:&quot;{\&quot;Name\&quot;:\&quot;Default\&quot;,\&quot;Checksum\&quot;:\&quot;Default\&quot;,\&quot;PerInstancePropertiesChecksum\&quot;:\&quot;\&quot;,\&quot;MemorySectionName\&quot;:\&quot;None\&quot;,\&quot;MemorySectionChecksum\&quot;:\&quot;None\&quot;}&quot;,&quot;ModelData&quot;:&quot;{\&quot;Name\&quot;:\&quot;Default\&quot;,\&quot;Checksum\&quot;:\&quot;Default\&quot;,\&quot;PerInstancePropertiesChecksum\&quot;:\&quot;\&quot;,\&quot;MemorySectionName\&quot;:\&quot;None\&quot;,\&quot;MemorySectionChecksum\&quot;:\&quot;None\&quot;}&quot;,&quot;InitializeTerminate&quot;:&quot;{\&quot;Name\&quot;:\&quot;Default\&quot;,\&quot;Checksum\&quot;:\&quot;Default\&quot;,\&quot;PerInstancePropertiesChecksum\&quot;:\&quot;\&quot;,\&quot;MemorySectionName\&quot;:\&quot;None\&quot;,\&quot;MemorySectionChecksum\&quot;:\&quot;None\&quot;}&quot;,&quot;Execution&quot;:&quot;{\&quot;Name\&quot;:\&quot;Default\&quot;,\&quot;Checksum\&quot;:\&quot;Default\&quot;,\&quot;PerInstancePropertiesChecksum\&quot;:\&quot;\&quot;,\&quot;MemorySectionName\&quot;:\&quot;None\&quot;,\&quot;MemorySectionChecksum\&quot;:\&quot;None\&quot;}&quot;,&quot;SharedUtility&quot;:&quot;{\&quot;Name\&quot;:\&quot;Default\&quot;,\&quot;Checksum\&quot;:\&quot;Default\&quot;,\&quot;PerInstancePropertiesChecksum\&quot;:\&quot;\&quot;,\&quot;MemorySectionName\&quot;:\&quot;None\&quot;,\&quot;MemorySectionChecksum\&quot;:\&quot;None\&quot;}&quot;}</defaultsCMapping>
    <grToCompInputPortsMaps type="ModelRefInfoRepo.GrCompIOPortMaps" uuid="52432b8f-6991-42f4-9d7a-66d1f2624474">
      <grAndCompPorts>0</grAndCompPorts>
      <grAndCompPorts>0</grAndCompPorts>
    </grToCompInputPortsMaps>
    <grToCompInputPortsMaps type="ModelRefInfoRepo.GrCompIOPortMaps" uuid="da626ee8-1df6-419c-97f4-1a755ab7e098">
      <grAndCompPorts>1</grAndCompPorts>
      <grAndCompPorts>1</grAndCompPorts>
    </grToCompInputPortsMaps>
    <grToCompInputPortsMaps type="ModelRefInfoRepo.GrCompIOPortMaps" uuid="1eb0b7f5-76aa-4383-8eba-b04d9c174a84">
      <grAndCompPorts>2</grAndCompPorts>
      <grAndCompPorts>2</grAndCompPorts>
    </grToCompInputPortsMaps>
    <grToCompInputPortsMaps type="ModelRefInfoRepo.GrCompIOPortMaps" uuid="508cf498-0d62-4c21-a771-b28111e3e25a">
      <grAndCompPorts>3</grAndCompPorts>
      <grAndCompPorts>3</grAndCompPorts>
    </grToCompInputPortsMaps>
    <grToCompOutputPortsMaps type="ModelRefInfoRepo.GrCompIOPortMaps" uuid="a2dfc5a4-dd74-40b5-b4c4-43167a3d582c">
      <grAndCompPorts>0</grAndCompPorts>
      <grAndCompPorts>0</grAndCompPorts>
    </grToCompOutputPortsMaps>
    <grToCompOutputPortsMaps type="ModelRefInfoRepo.GrCompIOPortMaps" uuid="9118495a-d968-4d93-ae0b-b4239458a66c">
      <grAndCompPorts>1</grAndCompPorts>
      <grAndCompPorts>1</grAndCompPorts>
    </grToCompOutputPortsMaps>
    <hasBlockUsingZOHContinuousSampleTime>true</hasBlockUsingZOHContinuousSampleTime>
    <hasBwsAccessed>true</hasBwsAccessed>
    <hasBwsAccessedByAnyModel>true</hasBwsAccessedByAnyModel>
    <hasConstantOutput>false</hasConstantOutput>
    <hasContinuousSampleTime>true</hasContinuousSampleTime>
    <hasInlineVariantBlock>true</hasInlineVariantBlock>
    <hasInternalModelWideEventTs>true</hasInternalModelWideEventTs>
    <hasModelWideEventTs>true</hasModelWideEventTs>
    <hasNonVirtualParameterChangeEvents>true</hasNonVirtualParameterChangeEvents>
    <hasNoncontSigFeedingDerivPorts>true</hasNoncontSigFeedingDerivPorts>
    <hasParallelForEachBlocker>true</hasParallelForEachBlocker>
    <hasStateInsideForEachSubsystem>true</hasStateInsideForEachSubsystem>
    <hasStatesModifiedInOutputUpdate>true</hasStatesModifiedInOutputUpdate>
    <hasVariantModelOrSubsystem>true</hasVariantModelOrSubsystem>
    <inports type="ModelRefInfoRepo.InportInformation" uuid="bf02cddb-876c-4a2f-8e48-e20fd23ceacb">
      <designMax>inf</designMax>
      <designMin>-inf</designMin>
      <indexType>2</indexType>
      <rateInfos type="ModelRefInfoRepo.RateInfo">
        <compiled>true</compiled>
        <period>0.0</period>
        <priority>40</priority>
        <rateIdx>0</rateIdx>
      </rateInfos>
      <resolvedSignalObject></resolvedSignalObject>
      <trueHiers>0</trueHiers>
      <executionInterface type="ModelRefInfoRepo.InputExecutionInterface" uuid="f038be3d-c91b-4943-9fce-8aa08142357c"/>
      <sigNameToEMVCEMap type="ModelRefInfoRepo.SigNameEMVCEInfo" uuid="0920652d-6538-48a1-8dea-ddf905c0d7c0"/>
    </inports>
    <inports type="ModelRefInfoRepo.InportInformation" uuid="38f90e52-eaf7-4d50-bc30-7e40dac0d7ba">
      <designMax>inf</designMax>
      <designMin>-inf</designMin>
      <indexType>2</indexType>
      <originalPortNumber>1</originalPortNumber>
      <rateInfos type="ModelRefInfoRepo.RateInfo">
        <compiled>true</compiled>
        <period>0.0</period>
        <priority>40</priority>
        <rateIdx>0</rateIdx>
      </rateInfos>
      <resolvedSignalObject></resolvedSignalObject>
      <trueHiers>0</trueHiers>
      <executionInterface type="ModelRefInfoRepo.InputExecutionInterface" uuid="36470388-70ec-4818-97bb-64640824e2d5"/>
      <sigNameToEMVCEMap type="ModelRefInfoRepo.SigNameEMVCEInfo" uuid="1f94cfc2-d65f-4ff4-a06b-8012a7a2f5d0"/>
    </inports>
    <inports type="ModelRefInfoRepo.InportInformation" uuid="935d0877-d466-44af-bc19-a1abea868924">
      <designMax>inf</designMax>
      <designMin>-inf</designMin>
      <indexType>2</indexType>
      <originalPortNumber>2</originalPortNumber>
      <rateInfos type="ModelRefInfoRepo.RateInfo">
        <compiled>true</compiled>
        <period>0.0</period>
        <priority>40</priority>
        <rateIdx>0</rateIdx>
      </rateInfos>
      <resolvedSignalObject></resolvedSignalObject>
      <trueHiers>0</trueHiers>
      <executionInterface type="ModelRefInfoRepo.InputExecutionInterface" uuid="02b3cf0c-f60f-47d5-a5bd-bb544f084982"/>
      <sigNameToEMVCEMap type="ModelRefInfoRepo.SigNameEMVCEInfo" uuid="49432984-e8ce-4ac2-9c4f-6971ed01f4ef"/>
    </inports>
    <inports type="ModelRefInfoRepo.InportInformation" uuid="86dc8dc0-fb66-4019-b1e0-2febeca0824e">
      <designMax>inf</designMax>
      <designMin>-inf</designMin>
      <indexType>2</indexType>
      <originalPortNumber>3</originalPortNumber>
      <rateInfos type="ModelRefInfoRepo.RateInfo">
        <compiled>true</compiled>
        <period>0.0</period>
        <priority>40</priority>
        <rateIdx>0</rateIdx>
      </rateInfos>
      <resolvedSignalObject></resolvedSignalObject>
      <trueHiers>0</trueHiers>
      <executionInterface type="ModelRefInfoRepo.InputExecutionInterface" uuid="6a06e747-9a61-4620-bf84-922d89e7dad6"/>
      <sigNameToEMVCEMap type="ModelRefInfoRepo.SigNameEMVCEInfo" uuid="34f4a63c-6945-496f-832a-a9eb5ec04570"/>
    </inports>
    <isAperiodicRootFcnCallSystem>false</isAperiodicRootFcnCallSystem>
    <isOrigInportVirtualBus>false</isOrigInportVirtualBus>
    <isOrigInportVirtualBus>false</isOrigInportVirtualBus>
    <isOrigInportVirtualBus>false</isOrigInportVirtualBus>
    <isOrigInportVirtualBus>false</isOrigInportVirtualBus>
    <isOrigOutportVirtualBus>false</isOrigOutportVirtualBus>
    <isOrigOutportVirtualBus>false</isOrigOutportVirtualBus>
    <isPreCompSingleRate>false</isPreCompSingleRate>
    <isRefModelConstant>false</isRefModelConstant>
    <isRootFcnCallPortGroupsEmpty>true</isRootFcnCallPortGroupsEmpty>
    <loggingSaveFormat>2</loggingSaveFormat>
    <massMatrixNzMax>20</massMatrixNzMax>
    <maxFreqHz>-1.0</maxFreqHz>
    <numCStateRecs>16</numCStateRecs>
    <numContinuousStates>20</numContinuousStates>
    <numDStateRecs>2</numDStateRecs>
    <numDataInputPorts>4</numDataInputPorts>
    <numLoggableCStateRecs>14</numLoggableCStateRecs>
    <numLoggableJacobianDStates>0</numLoggableJacobianDStates>
    <numModelWideEventTs>1</numModelWideEventTs>
    <numPortlessSimulinkFunctionPortGroups>0</numPortlessSimulinkFunctionPortGroups>
    <numRuntimeExportedRates>2</numRuntimeExportedRates>
    <numSigs>1</numSigs>
    <numTs>3</numTs>
    <origInportBusType></origInportBusType>
    <origInportBusType></origInportBusType>
    <origInportBusType></origInportBusType>
    <origInportBusType></origInportBusType>
    <origOutportBusOutputAsStruct>false</origOutportBusOutputAsStruct>
    <origOutportBusOutputAsStruct>false</origOutportBusOutputAsStruct>
    <origOutportBusType></origOutportBusType>
    <origOutportBusType></origOutportBusType>
    <outports type="ModelRefInfoRepo.OutportInformation" uuid="c5d390ab-5c0f-463f-86a2-e713b782e7b1">
      <okToMerge>3</okToMerge>
      <designMax>inf</designMax>
      <designMin>-inf</designMin>
      <indexType>2</indexType>
      <rateInfos type="ModelRefInfoRepo.RateInfo">
        <compiled>true</compiled>
        <period>0.0</period>
        <priority>40</priority>
        <rateIdx>0</rateIdx>
      </rateInfos>
      <resolvedSignalObject></resolvedSignalObject>
      <trueHiers>0</trueHiers>
      <executionInterface type="ModelRefInfoRepo.OutputExecutionInterface" uuid="452ce218-255d-4888-9811-3f1ed8f55f20"/>
      <sigNameToEMVCEMap type="ModelRefInfoRepo.SigNameEMVCEInfo" uuid="1806afa8-63d0-450e-8b94-b8560ddf0569"/>
    </outports>
    <outports type="ModelRefInfoRepo.OutportInformation" uuid="01de8428-0fea-406b-b771-9e8c5e287a5c">
      <okToMerge>2</okToMerge>
      <srcHasMultiDsts>true</srcHasMultiDsts>
      <RTWSignalIdentifier>Spd</RTWSignalIdentifier>
      <designMax>inf</designMax>
      <designMin>-inf</designMin>
      <indexType>2</indexType>
      <originalPortNumber>1</originalPortNumber>
      <rateInfos type="ModelRefInfoRepo.RateInfo">
        <compiled>true</compiled>
        <period>0.0</period>
        <priority>40</priority>
        <rateIdx>0</rateIdx>
      </rateInfos>
      <resolvedSignalObject></resolvedSignalObject>
      <trueHiers>0</trueHiers>
      <executionInterface type="ModelRefInfoRepo.OutputExecutionInterface" uuid="441954df-cd01-4448-8157-e423368bfba5"/>
      <sigNameToEMVCEMap type="ModelRefInfoRepo.SigNameEMVCEInfo" uuid="27c54461-b530-4e54-8c45-43ee6bef2fef"/>
    </outports>
    <periodicStateInfo type="ModelRefInfoRepo.PeriodicStateInfo" uuid="cd2abfd7-ccf9-4c96-8668-0864bbdaabc8">
      <continuousStateIndex>6</continuousStateIndex>
      <stateLowerValue>-3.141592653589793</stateLowerValue>
      <stateUpperValue>3.141592653589793</stateUpperValue>
    </periodicStateInfo>
    <preCompAllowConstTsOnPorts>false</preCompAllowConstTsOnPorts>
    <preCompAllowPortBasedInTriggeredSS>false</preCompAllowPortBasedInTriggeredSS>
    <runtimeNonFcnCallRateInfos type="ModelRefInfoRepo.RateInfo">
      <compiled>true</compiled>
      <period>0.0</period>
      <priority>40</priority>
      <rateIdx>0</rateIdx>
    </runtimeNonFcnCallRateInfos>
    <runtimeNonFcnCallRateInfos type="ModelRefInfoRepo.RateInfo">
      <compiled>true</compiled>
      <offset>1.0</offset>
      <period>0.0</period>
      <priority>40</priority>
      <rateIdx>1</rateIdx>
    </runtimeNonFcnCallRateInfos>
    <sampleTimeInheritanceRule>2</sampleTimeInheritanceRule>
    <solverStatusFlags>32781</solverStatusFlags>
    <stateAccessInfos type="ModelRefInfoRepo.StateAccessInfo" uuid="bb74b833-52df-4159-8c00-7d72f33e78fb">
      <stateOwner>DrivetrainEv/Wheels and Brakes/Longitudinal Wheel - Front 1/Wheel Module/Clutch/Clutch/Slipping/omega wheel</stateOwner>
    </stateAccessInfos>
    <stateAccessInfos type="ModelRefInfoRepo.StateAccessInfo" uuid="8380ee08-4905-4891-8da8-265edfa89d3f">
      <stateOwner>DrivetrainEv/Wheels and Brakes/Longitudinal Wheel - Rear 1/Wheel Module/Clutch/Clutch/Slipping/omega wheel</stateOwner>
    </stateAccessInfos>
    <timingAndTaskingRegistry>&lt;?xml version=&quot;1.0&quot;?&gt;
&lt;slexec_sto version=&quot;1.1&quot; packageUris=&quot;http://schema.mathworks.com/mf0/slexec_mm_sto/R2022b_202202091112&quot;&gt;
  &lt;sto.Registry type=&quot;sto.Registry&quot; uuid=&quot;5ca796ad-1baa-4ef9-ad79-31075eb12604&quot;&gt;
    &lt;executionSpec&gt;Undetermined&lt;/executionSpec&gt;
    &lt;clockRegistry type=&quot;sto.ClockRegistry&quot; uuid=&quot;d4db8012-3191-46bb-9da1-3ad90ed69c4a&quot;&gt;
      &lt;clocks type=&quot;sto.Timer&quot; uuid=&quot;1e0b3fab-2697-4bd1-a6bc-085de74c16c8&quot;&gt;
        &lt;rates type=&quot;sto.ContinuousRate&quot; uuid=&quot;affe2b06-d0df-4504-9388-9d022277a909&quot;&gt;
          &lt;annotation&gt;Cont&lt;/annotation&gt;
          &lt;description&gt;Continuous&lt;/description&gt;
          &lt;taskId&gt;_task0&lt;/taskId&gt;
          &lt;rateSpec type=&quot;sto.RateSpec&quot; uuid=&quot;086e82bb-c5aa-42c4-afd5-9246eac6fb98&quot;/&gt;
        &lt;/rates&gt;
        &lt;rates type=&quot;sto.ZOHContinuousRate&quot; uuid=&quot;1ae54575-6967-4fa3-b729-3ccf670a56b5&quot;&gt;
          &lt;annotation&gt;FiM&lt;/annotation&gt;
          &lt;colorIndex&gt;8&lt;/colorIndex&gt;
          &lt;description&gt;Fixed in Minor Step&lt;/description&gt;
          &lt;rateIdx&gt;1&lt;/rateIdx&gt;
          &lt;taskId&gt;_task0&lt;/taskId&gt;
          &lt;rateSpec type=&quot;sto.RateSpec&quot; uuid=&quot;6db4aa16-9477-4810-9963-35098eb76064&quot;&gt;
            &lt;offset&gt;1.0&lt;/offset&gt;
            &lt;rateType&gt;ZOHContinuous&lt;/rateType&gt;
          &lt;/rateSpec&gt;
        &lt;/rates&gt;
        &lt;baseRate type=&quot;sto.ContinuousRate&quot; uuid=&quot;ac091d95-84c8-4b3b-a29c-4e70052b2dcb&quot;&gt;
          &lt;annotation&gt;Cont&lt;/annotation&gt;
          &lt;description&gt;Continuous&lt;/description&gt;
          &lt;taskId&gt;_task0&lt;/taskId&gt;
          &lt;rateSpec type=&quot;sto.RateSpec&quot; uuid=&quot;d0bc41d0-6116-423f-af6a-fc07db73557a&quot;/&gt;
        &lt;/baseRate&gt;
      &lt;/clocks&gt;
      &lt;clocks type=&quot;sto.Event&quot; uuid=&quot;3cbc1b37-e40d-4ce2-9441-a79f2c8f249f&quot;&gt;
        &lt;eventType&gt;PARAMETER_CHANGE_EVENT&lt;/eventType&gt;
        &lt;cNum&gt;1&lt;/cNum&gt;
        &lt;clockType&gt;Event&lt;/clockType&gt;
        &lt;identifier&gt;ParameterChangeEvent&lt;/identifier&gt;
        &lt;rates type=&quot;sto.ModelWideEventRate&quot; uuid=&quot;d89e139e-d93d-4c58-b240-73f9698621dc&quot;&gt;
          &lt;annotation&gt;Inf&lt;/annotation&gt;
          &lt;clockId&gt;ParameterChangeEvent&lt;/clockId&gt;
          &lt;colorIndex&gt;6&lt;/colorIndex&gt;
          &lt;description&gt;Constant&lt;/description&gt;
          &lt;rateIdx&gt;2&lt;/rateIdx&gt;
          &lt;taskId&gt;ModelWideParameterChangeEvent&lt;/taskId&gt;
          &lt;rateSpec type=&quot;sto.RateSpec&quot; uuid=&quot;b9923fda-fedf-4eae-9355-b6c472b76a14&quot;&gt;
            &lt;period&gt;inf&lt;/period&gt;
            &lt;rateType&gt;ModelWideParameterChangeEvent&lt;/rateType&gt;
          &lt;/rateSpec&gt;
        &lt;/rates&gt;
      &lt;/clocks&gt;
    &lt;/clockRegistry&gt;
    &lt;taskRegistry type=&quot;sto.TaskRegistry&quot; uuid=&quot;daf7a095-1cf0-4439-89ad-4fefed716875&quot;&gt;
      &lt;hasUnknownEdges&gt;true&lt;/hasUnknownEdges&gt;
      &lt;rootTaskHierarchyElements type=&quot;sto.Task&quot; uuid=&quot;f2e54b66-1804-42ed-b7fb-92656e8fdc8e&quot;&gt;
        &lt;isExecutable&gt;true&lt;/isExecutable&gt;
        &lt;isExplicit&gt;true&lt;/isExplicit&gt;
        &lt;rates type=&quot;sto.ModelWideEventRate&quot; uuid=&quot;839a5a24-2ec6-4bff-a3b3-985259b7f859&quot;&gt;
          &lt;annotation&gt;Inf&lt;/annotation&gt;
          &lt;clockId&gt;ParameterChangeEvent&lt;/clockId&gt;
          &lt;colorIndex&gt;6&lt;/colorIndex&gt;
          &lt;description&gt;Constant&lt;/description&gt;
          &lt;rateIdx&gt;2&lt;/rateIdx&gt;
          &lt;taskId&gt;ModelWideParameterChangeEvent&lt;/taskId&gt;
          &lt;rateSpec type=&quot;sto.RateSpec&quot; uuid=&quot;f28ad36a-b416-4c47-b140-9d89c0b8d7f1&quot;&gt;
            &lt;period&gt;inf&lt;/period&gt;
            &lt;rateType&gt;ModelWideParameterChangeEvent&lt;/rateType&gt;
          &lt;/rateSpec&gt;
        &lt;/rates&gt;
        &lt;schedulingClockId&gt;ParameterChangeEvent&lt;/schedulingClockId&gt;
        &lt;tNum&gt;1&lt;/tNum&gt;
        &lt;elementType&gt;Task&lt;/elementType&gt;
        &lt;identifier&gt;ModelWideParameterChangeEvent&lt;/identifier&gt;
        &lt;priority&gt;-1&lt;/priority&gt;
      &lt;/rootTaskHierarchyElements&gt;
      &lt;rootTaskHierarchyElements type=&quot;sto.Task&quot; uuid=&quot;7e98d4b8-490c-4a63-881b-873ca9d112e3&quot;&gt;
        &lt;isExecutable&gt;true&lt;/isExecutable&gt;
        &lt;orderIndex&gt;1&lt;/orderIndex&gt;
        &lt;rates type=&quot;sto.ContinuousRate&quot; uuid=&quot;fc0501c9-1428-456d-87b0-4b899c01947f&quot;&gt;
          &lt;annotation&gt;Cont&lt;/annotation&gt;
          &lt;description&gt;Continuous&lt;/description&gt;
          &lt;taskId&gt;_task0&lt;/taskId&gt;
          &lt;rateSpec type=&quot;sto.RateSpec&quot; uuid=&quot;86237393-0abc-417b-8427-55de8f079826&quot;/&gt;
        &lt;/rates&gt;
        &lt;rates type=&quot;sto.ZOHContinuousRate&quot; uuid=&quot;fc7cc509-1625-42e6-904e-86202e54a1a3&quot;&gt;
          &lt;annotation&gt;FiM&lt;/annotation&gt;
          &lt;colorIndex&gt;8&lt;/colorIndex&gt;
          &lt;description&gt;Fixed in Minor Step&lt;/description&gt;
          &lt;rateIdx&gt;1&lt;/rateIdx&gt;
          &lt;taskId&gt;_task0&lt;/taskId&gt;
          &lt;rateSpec type=&quot;sto.RateSpec&quot; uuid=&quot;9f993a6f-5590-4224-b940-2923fa205d6a&quot;&gt;
            &lt;offset&gt;1.0&lt;/offset&gt;
            &lt;rateType&gt;ZOHContinuous&lt;/rateType&gt;
          &lt;/rateSpec&gt;
        &lt;/rates&gt;
        &lt;elementType&gt;Task&lt;/elementType&gt;
        &lt;identifier&gt;_task0&lt;/identifier&gt;
        &lt;priority&gt;40&lt;/priority&gt;
      &lt;/rootTaskHierarchyElements&gt;
      &lt;taskDependencyGraph type=&quot;sto.SerializedTaskConnectionList&quot; uuid=&quot;dc3df81b-b807-45cf-b06c-d895b828a245&quot;&gt;
        &lt;taskIdentifier&gt;_task0&lt;/taskIdentifier&gt;
      &lt;/taskDependencyGraph&gt;
      &lt;taskDependencyGraph type=&quot;sto.SerializedTaskConnectionList&quot; uuid=&quot;bf25940a-0e94-4126-8535-dccd951707b3&quot;&gt;
        &lt;clockIdentifier&gt;ParameterChangeEvent&lt;/clockIdentifier&gt;
        &lt;serializedConnectionProperties type=&quot;sto.SerializedConnectionProperties&quot; uuid=&quot;0aefc2cc-5555-4782-aad6-921e938988d7&quot;&gt;
          &lt;targetTaskIdentifier&gt;_task0&lt;/targetTaskIdentifier&gt;
        &lt;/serializedConnectionProperties&gt;
        &lt;taskIdentifier&gt;ModelWideParameterChangeEvent&lt;/taskIdentifier&gt;
      &lt;/taskDependencyGraph&gt;
      &lt;taskPriorityDirection&gt;HighNumberLast&lt;/taskPriorityDirection&gt;
    &lt;/taskRegistry&gt;
  &lt;/sto.Registry&gt;
&lt;/slexec_sto&gt;</timingAndTaskingRegistry>
    <usePortBasedSampleTime>false</usePortBasedSampleTime>
    <varSigHier>,,</varSigHier>
    <zeroCrossingInfo type="ModelRefInfoRepo.ZeroCrossingInfo" uuid="49f2704e-922a-4591-92ff-5cf31c271175">
      <direction>7</direction>
      <isDiscrete>true</isDiscrete>
      <name>Reset</name>
      <needsEventNotification>true</needsEventNotification>
      <needsSolverReset>true</needsSolverReset>
      <tolerance>-1.0</tolerance>
      <type>1</type>
      <width>1</width>
    </zeroCrossingInfo>
    <zeroCrossingInfo type="ModelRefInfoRepo.ZeroCrossingInfo" uuid="fcc0587e-40e4-40e0-a65b-ed7c2071e111">
      <direction>7</direction>
      <isDiscrete>true</isDiscrete>
      <name>Reset</name>
      <needsEventNotification>true</needsEventNotification>
      <needsSolverReset>true</needsSolverReset>
      <tolerance>-1.0</tolerance>
      <type>1</type>
      <width>1</width>
    </zeroCrossingInfo>
    <FMUBlockMap type="ModelRefInfoRepo.FMUBlockInfo" uuid="bb4b852c-5a43-4a18-a688-d928da287010"/>
    <codeGenInfo type="ModelRefInfoRepo.CodeGenInformation" uuid="fef514fb-f55e-4258-b0d1-53c46b981c62">
      <DWorkTypeName>hmke5fx3tcj</DWorkTypeName>
    </codeGenInfo>
    <compiledVariantInfos type="ModelRefInfoRepo.CompiledVariantInfoMap" uuid="25679caa-a07f-4d5c-9f09-889819cec4ab"/>
    <configSettingsForConsistencyChecks type="ModelRefInfoRepo.ConfigSettingsForConsistencyChecks" uuid="e9521415-198d-41c4-87f1-19f9224db0e3">
      <consistentOutportInitialization>true</consistentOutportInitialization>
      <frameDiagnosticSetting>2</frameDiagnosticSetting>
      <signalLoggingSaveFormat>2</signalLoggingSaveFormat>
      <simSIMDOptimization>1</simSIMDOptimization>
      <solverName>VariableStepAuto</solverName>
      <hardwareSettings type="ModelRefInfoRepo.HardwareSettings" uuid="67a92595-b57f-42c4-b982-9e01e15e518f">
        <prodBitPerChar>8</prodBitPerChar>
        <prodBitPerDouble>64</prodBitPerDouble>
        <prodBitPerFloat>32</prodBitPerFloat>
        <prodBitPerInt>32</prodBitPerInt>
        <prodBitPerLong>32</prodBitPerLong>
        <prodBitPerLongLong>64</prodBitPerLongLong>
        <prodBitPerPointer>64</prodBitPerPointer>
        <prodBitPerPtrDiffT>64</prodBitPerPtrDiffT>
        <prodBitPerShort>16</prodBitPerShort>
        <prodBitPerSizeT>64</prodBitPerSizeT>
        <prodEndianess>1</prodEndianess>
        <prodShiftRight>true</prodShiftRight>
        <prodWordSize>64</prodWordSize>
      </hardwareSettings>
    </configSettingsForConsistencyChecks>
    <controllableInputRatesMap type="ModelRefInfoRepo.VarTsUIDMap" uuid="80059c81-b9ca-4fd9-9362-034920c1bac9"/>
    <controllableOutputRatesMap type="ModelRefInfoRepo.VarTsUIDMap" uuid="0cbed3f9-c3f8-4f2e-a6c5-82b475b90f6b"/>
    <dataPortGroup type="ModelRefInfoRepo.DataPortGroup" uuid="eb616062-1e14-41f0-a246-e267e9c1a3cd">
      <compDataInputPorts>0</compDataInputPorts>
      <compDataInputPorts>1</compDataInputPorts>
      <compDataInputPorts>2</compDataInputPorts>
      <compDataInputPorts>3</compDataInputPorts>
      <compDataOutputPorts>0</compDataOutputPorts>
      <compDataOutputPorts>1</compDataOutputPorts>
      <dataInputPorts>0</dataInputPorts>
      <dataInputPorts>1</dataInputPorts>
      <dataInputPorts>2</dataInputPorts>
      <dataInputPorts>3</dataInputPorts>
      <dataOutputPorts>0</dataOutputPorts>
      <dataOutputPorts>1</dataOutputPorts>
    </dataPortGroup>
    <expFcnUnconnectedDataPortGroup type="ModelRefInfoRepo.DataPortGroup" uuid="f1b84fbb-5bd5-42de-a0c2-d230a59b9091"/>
    <interfaceParameterInfo type="ModelRefInfoRepo.InterfaceParameterInfo" uuid="84dc0cdc-813a-41f3-94b4-03db147220de"/>
    <messageInfo type="ModelRefInfoRepo.MessageInformation" uuid="7443dcff-015a-48cf-82bb-8a69e6bd4aee"/>
    <methodInfo type="ModelRefInfoRepo.MethodExistenceInfo" uuid="1c848b2b-66f8-4574-a994-b6139807cd28">
      <hasDerivMethod>true</hasDerivMethod>
      <hasDisableMethod>true</hasDisableMethod>
      <hasEnableMethod>true</hasEnableMethod>
      <hasForcingFunctionMethod>true</hasForcingFunctionMethod>
      <hasSystemInitializeMethod>true</hasSystemInitializeMethod>
      <hasSystemResetMethod>true</hasSystemResetMethod>
      <hasTerminateMethod>true</hasTerminateMethod>
      <hasUpdateMethod>true</hasUpdateMethod>
    </methodInfo>
    <periodicEventPortUnsupportedBlockInfo type="ModelRefInfoRepo.PeriodicEventPortUnsupportedBlockInfo" uuid="60eeec68-b505-4451-b5c5-1ff5b3df12d0">
      <multiRateSubsystems>DrivetrainEv/Wheels and Brakes/Longitudinal Wheel - Front 1/Wheel Module/Clutch</multiRateSubsystems>
      <multiRateSubsystems>DrivetrainEv/Wheels and Brakes/Longitudinal Wheel - Rear 1/Wheel Module/Clutch</multiRateSubsystems>
    </periodicEventPortUnsupportedBlockInfo>
    <portGroupsRequireSameRate type="ModelRefInfoRepo.PortGroupsRequireSameRate" uuid="46d4f53e-5299-4424-bc9c-ccdb8f8fc4f0">
      <DSMPortGroups type="ModelRefInfoRepo.NameToPortGroupIdxVectMap" uuid="4c6f05b5-e0f3-4aec-b373-8e6e8c8b0f60"/>
      <GlobalDSMPortGroups type="ModelRefInfoRepo.NameToPortGroupIdxVectMap" uuid="97642807-4aaf-4e80-9681-7e4a01025c35"/>
      <mergedPortGroups type="ModelRefInfoRepo.NameToPortGroupIdxVectMap" uuid="9af7c73a-7bb1-4d21-a186-39f72dfc1490"/>
    </portGroupsRequireSameRate>
    <rateBasedMdlGlobalDSMRateSpec type="ModelRefInfoRepo.GlobalDSMRateSpecMap" uuid="f3e12495-6a57-412a-a776-dc4b33b7826d"/>
    <rateSpecOfGlobalDSMAccessedByDescExpFcnMdlMap type="ModelRefInfoRepo.GlobalDSMRateSpecMap" uuid="73576170-c748-463c-8e9a-91abd972f8d9"/>
    <rootBlockDiagramInterface type="ci.Model" uuid="c32ce1e1-0fe6-40ca-ade8-90aea1891f74">
      <p_RootComponentInterface type="ci.ComponentInterface" uuid="8ad7b753-d7ab-44d6-87cb-11e168e36af6">
        <p_InputPorts type="ci.SignalInterface" uuid="419aabfe-4984-4555-b8fe-2bea7924fb07">
          <p_ComputedNumericDimensions>1.0</p_ComputedNumericDimensions>
          <p_ComputedSampleTime>0.0</p_ComputedSampleTime>
          <p_ComputedSampleTime>0.0</p_ComputedSampleTime>
          <p_ComputedUnit>N*m</p_ComputedUnit>
        </p_InputPorts>
        <p_InputPorts type="ci.SignalInterface" uuid="c2d3e321-0fe1-42ad-a571-22cc8d0f3b19">
          <p_ComputedNumericDimensions>1.0</p_ComputedNumericDimensions>
          <p_ComputedSampleTime>0.0</p_ComputedSampleTime>
          <p_ComputedSampleTime>0.0</p_ComputedSampleTime>
        </p_InputPorts>
        <p_InputPorts type="ci.SignalInterface" uuid="6776694f-43fa-47df-82b2-23aa1ea69652">
          <p_ComputedNumericDimensions>1.0</p_ComputedNumericDimensions>
          <p_ComputedSampleTime>0.0</p_ComputedSampleTime>
          <p_ComputedSampleTime>0.0</p_ComputedSampleTime>
          <p_ComputedUnit>deg</p_ComputedUnit>
        </p_InputPorts>
        <p_InputPorts type="ci.SignalInterface" uuid="5c84202d-5e4e-4ce4-a46c-f9bea41b269e">
          <p_ComputedNumericDimensions>1.0</p_ComputedNumericDimensions>
          <p_ComputedSampleTime>0.0</p_ComputedSampleTime>
          <p_ComputedSampleTime>0.0</p_ComputedSampleTime>
          <p_ComputedUnit>m/s</p_ComputedUnit>
        </p_InputPorts>
        <p_Name>DrivetrainEv</p_Name>
        <p_OutputPorts type="ci.SignalInterface" uuid="2f0145b1-36ea-473c-b102-ee8953c2c509">
          <p_ComputedNumericDimensions>1.0</p_ComputedNumericDimensions>
          <p_ComputedSampleTime>0.0</p_ComputedSampleTime>
          <p_ComputedSampleTime>0.0</p_ComputedSampleTime>
          <p_ComputedUnit>m/s</p_ComputedUnit>
        </p_OutputPorts>
        <p_OutputPorts type="ci.SignalInterface" uuid="b7f2e550-003d-47a0-80c2-da3c0de5050f">
          <p_ComputedNumericDimensions>1.0</p_ComputedNumericDimensions>
          <p_ComputedSampleTime>0.0</p_ComputedSampleTime>
          <p_ComputedSampleTime>0.0</p_ComputedSampleTime>
          <p_ComputedUnit>rad/s</p_ComputedUnit>
        </p_OutputPorts>
        <p_Type>ROOT</p_Type>
      </p_RootComponentInterface>
    </rootBlockDiagramInterface>
    <simulinkFunctions type="ModelRefInfoRepo.SimulinkFunctions" uuid="abfebb06-132f-49e9-a4a8-f1fc8e5242ec">
      <compSimulinkFunctionCatalog></compSimulinkFunctionCatalog>
    </simulinkFunctions>
    <sltpContext type="sltp.mm.core.Context" uuid="aae46022-35e2-475a-8a62-d40c4fb921ad">
      <globalData type="sltp.mm.core.GlobalData" uuid="6d1a3c3a-b199-4ed5-857a-3ad276699811">
        <dataName>portBrakeReq</dataName>
        <type>RootInport</type>
      </globalData>
      <globalData type="sltp.mm.core.GlobalData" uuid="5937528c-f386-4861-a33e-44744cc6c404">
        <dataName>portGrade</dataName>
        <type>RootInport</type>
      </globalData>
      <globalData type="sltp.mm.core.GlobalData" uuid="76bbbc32-540e-4b8e-a931-6b212cb76e99">
        <dataName>portMotSpd</dataName>
        <type>RootOutport</type>
      </globalData>
      <globalData type="sltp.mm.core.GlobalData" uuid="d85cf6a8-ec5a-4b9a-8389-67ece65d9e68">
        <dataName>portMotTrq</dataName>
        <type>RootInport</type>
      </globalData>
      <globalData type="sltp.mm.core.GlobalData" uuid="68267982-0be5-48be-aec7-f349c5b86e03">
        <dataName>portVehSpd</dataName>
        <type>RootOutport</type>
      </globalData>
      <globalData type="sltp.mm.core.GlobalData" uuid="b11422f8-3745-4b37-8267-8635bb43cdb2">
        <dataName>portWind Vel</dataName>
        <type>RootInport</type>
      </globalData>
      <priorityDirection>HighNumberLast</priorityDirection>
      <editorState type="sltp.mm.core.EditorState" uuid="0d9e2672-226e-4ca5-8c32-23a657cbe672">
        <isSynchronized>true</isSynchronized>
        <panelState type="sltp.mm.core.EditorPanelState" uuid="58260b84-e40c-4a9d-a92f-81a4e44f64d4"/>
      </editorState>
      <rootTask type="sltp.mm.core.Task" uuid="bd1164bd-6d94-40d0-bf6b-711e088e7faf">
        <context type="sltp.mm.core.Context" uuid="aae46022-35e2-475a-8a62-d40c4fb921ad"/>
        <explicit>false</explicit>
        <name>Default</name>
        <priority>-2147483648</priority>
        <subgraph type="sltp.mm.core.Graph" uuid="dd45e75b-87bb-441f-9ce8-edcfc9926c96">
          <tasks type="sltp.mm.core.Task" uuid="eb0c1e25-8853-4c0d-a949-cee53e408908">
            <baseTask>true</baseTask>
            <context type="sltp.mm.core.Context" uuid="aae46022-35e2-475a-8a62-d40c4fb921ad"/>
            <explicit>false</explicit>
            <id>1</id>
            <isTimed>true</isTimed>
            <name>Cont</name>
            <priority>40</priority>
            <rates type="sltp.mm.core.Rate" uuid="f22d900a-6ff0-4ed0-887a-22ad2bff539d">
              <annotation>Cont</annotation>
              <color>255</color>
              <hasBlocks>true</hasBlocks>
              <rateSpec type="sltp.mm.core.RateSpec">
                <period>0.0</period>
              </rateSpec>
              <sti>0</sti>
            </rates>
            <rates type="sltp.mm.core.Rate" uuid="bdbd37f3-67ae-4b62-9df3-b6d281766ee6">
              <annotation>FiM</annotation>
              <color>-2139062017</color>
              <hasBlocks>true</hasBlocks>
              <rateSpec type="sltp.mm.core.RateSpec">
                <offset>1.0</offset>
                <period>0.0</period>
              </rateSpec>
              <sti>1</sti>
            </rates>
          </tasks>
        </subgraph>
      </rootTask>
    </sltpContext>
    <stateWriterToOwnerMap type="ModelRefInfoRepo.StateWriterInfo" uuid="a08c19e9-e129-45d2-b24c-45b6324312df"/>
    <stoClientDataRegistry type="sto.ClientDataRegistry" uuid="26e181df-dcac-4cb3-ab07-caab924da124">
      <dataSets type="sto.ClientClockNamedDataSet" uuid="7d4a1ed5-db28-40a0-b1e8-35fa1d306edd">
        <tag>sltpEvents</tag>
      </dataSets>
      <dataSets type="sto.ClientTaskHierarchyElementNamedDataSet" uuid="49103828-436a-4bdd-8168-0cddb2df4821">
        <tag>sltpTaskGroups</tag>
      </dataSets>
      <dataSets type="sto.ClientTaskHierarchyElementNamedDataSet" uuid="5ef3094c-95e8-4ee0-b855-138bdef2eac5">
        <dSet type="ModelRefInfoRepo.SltpTaskData" uuid="0d6c9775-dda5-4294-af45-cefb859227d6"/>
        <tSet type="ModelRefInfoRepo.SltpTaskData" uuid="0d6c9775-dda5-4294-af45-cefb859227d6">
          <dataName>Cont</dataName>
          <linkedSet type="sto.ClientTaskHierarchyElementNamedDataSet" uuid="5ef3094c-95e8-4ee0-b855-138bdef2eac5"/>
          <id type="sto.TaskHierarchyElementId">
            <id>_task0</id>
          </id>
        </tSet>
        <tag>sltpTasks</tag>
      </dataSets>
    </stoClientDataRegistry>
    <typeTable type="type_info.TypeTable" uuid="b0f6f82f-bc22-43f0-a27e-a3aa1f9eaa9d">
      <Types type="type_info.Type" uuid="efa1fe7a-14be-4bba-81d2-694d1a07ae0a">
        <Name>action</Name>
      </Types>
      <Types type="type_info.NumericType" uuid="ce3e3f45-6173-4c67-9c71-6d32b5a98fae">
        <MxClassId>3</MxClassId>
        <Size>1</Size>
        <typeEnum>NUMERIC</typeEnum>
        <Name>boolean</Name>
      </Types>
      <Types type="type_info.NumericType" uuid="a6dc1d16-2de8-498f-b434-6d588c0a71a8">
        <DataTypeId>1</DataTypeId>
        <MxClassId>6</MxClassId>
        <Size>8</Size>
        <typeEnum>NUMERIC</typeEnum>
        <Name>double</Name>
      </Types>
      <Types type="type_info.Type" uuid="377af349-7eab-4db2-9857-41b91fe1a2c4">
        <Name>fcn_call</Name>
      </Types>
      <Types type="type_info.NumericType" uuid="741a4344-0893-4a2f-b2db-5dcc9f167e07">
        <MxClassId>10</MxClassId>
        <Size>2</Size>
        <typeEnum>NUMERIC</typeEnum>
        <Name>int16</Name>
      </Types>
      <Types type="type_info.NumericType" uuid="39661ccb-9f08-4283-b7a2-f05fcc8b13e7">
        <MxClassId>12</MxClassId>
        <Size>4</Size>
        <Name>int32</Name>
      </Types>
      <Types type="type_info.FixedPointType" uuid="9a6a9b4b-9332-441e-961e-793d586108bc">
        <DataTypeId>15</DataTypeId>
        <Size>8</Size>
        <typeEnum>FIXPOINT</typeEnum>
        <Name>int64</Name>
      </Types>
      <Types type="type_info.NumericType" uuid="6138efee-f10f-4ce5-9cc7-82e4e5deea2e">
        <MxClassId>8</MxClassId>
        <Size>1</Size>
        <typeEnum>NUMERIC</typeEnum>
        <Name>int8</Name>
      </Types>
      <Types type="type_info.Type" uuid="b64d1a7c-26ec-4297-acc8-9ec33b9ef1d1">
        <Name>integer</Name>
      </Types>
      <Types type="type_info.Type" uuid="597f645c-84a5-47fe-a49b-ce26a40d42a1">
        <Name>physical_connection</Name>
      </Types>
      <Types type="type_info.Type" uuid="5529d653-6175-48b0-8d7f-01a5d116443e">
        <Name>pointer</Name>
      </Types>
      <Types type="type_info.NumericType" uuid="082d7d9e-92a9-467d-998a-4ab1ace54668">
        <MxClassId>7</MxClassId>
        <Size>4</Size>
        <typeEnum>NUMERIC</typeEnum>
        <Name>single</Name>
      </Types>
      <Types type="type_info.Type" uuid="aba75f9a-96d1-4a55-9095-3556d63f4b86">
        <Name>timer_uint32_pair</Name>
      </Types>
      <Types type="type_info.NumericType" uuid="467637e7-0f95-4561-bfe6-9ffdff14fdfa">
        <MxClassId>11</MxClassId>
        <Size>2</Size>
        <typeEnum>NUMERIC</typeEnum>
        <Name>uint16</Name>
      </Types>
      <Types type="type_info.NumericType" uuid="acff9a4f-8ab1-4bcd-ade9-ac1593b4da9b">
        <MxClassId>13</MxClassId>
        <Size>4</Size>
        <typeEnum>NUMERIC</typeEnum>
        <Name>uint32</Name>
      </Types>
      <Types type="type_info.FixedPointType" uuid="b2c81333-7e4a-4063-bd0b-c0e71c91d0d6">
        <DataTypeId>16</DataTypeId>
        <Size>8</Size>
        <typeEnum>FIXPOINT</typeEnum>
        <Name>uint64</Name>
      </Types>
      <Types type="type_info.NumericType" uuid="c32e3d11-5444-499d-9e7d-7dfc8fdf7f62">
        <MxClassId>9</MxClassId>
        <Size>1</Size>
        <typeEnum>NUMERIC</typeEnum>
        <Name>uint8</Name>
      </Types>
      <isInitialized>true</isInitialized>
    </typeTable>
    <varTsUIDMap type="ModelRefInfoRepo.VarTsUIDMap" uuid="e932a654-d9e4-4da8-92b1-1f12605a891a"/>
  </ModelRefInfoRepo.ModelRefInfoRoot>
</MF0>