<?xml version="1.0" encoding="UTF-8"?>
<MF0 version="1.1" packageUris="http://schema.mathworks.com/mf0/ci/19700101 http://schema.mathworks.com/mf0/sl_modelref_info/R2022b http://schema.mathworks.com/mf0/slexec_mm_sto/R2022b_202202091112 http://schema.mathworks.com/mf0/sltp_mm/R2022b_202203181029">
  <ModelRefInfoRepo.ModelRefInfoRoot type="ModelRefInfoRepo.ModelRefInfoRoot" uuid="96ca6b57-7e99-4e2c-a18e-491eb4eb5aea">
    <JITEngines>sJArmAsTfFQFZ8yPGs8F7UB</JITEngines>
    <JITEngines>siWJ0zzyFxPtucpzrk1a8jE</JITEngines>
    <JITEngines>sjjwwCCYULhCegRqnpETEnB</JITEngines>
    <childModelRefInfo type="ModelRefInfoRepo.ChildModelRefInfo" uuid="fde906f3-b909-4dd9-b951-1f35ebee4f4b">
      <modelName>DrivetrainEv</modelName>
      <modelPath>DrivetrainEv</modelPath>
    </childModelRefInfo>
    <compDerivCacheNeedsReset>false</compDerivCacheNeedsReset>
    <compToGrInputPortMaps type="ModelRefInfoRepo.GrCompIOPortMaps" uuid="d90c48d8-f93b-4003-8fbf-fe7143fa45a3">
      <grAndCompPorts>0</grAndCompPorts>
      <grAndCompPorts>0</grAndCompPorts>
    </compToGrInputPortMaps>
    <compToGrInputPortMaps type="ModelRefInfoRepo.GrCompIOPortMaps" uuid="582cea33-c217-4e66-b9ce-d734a54dba82">
      <grAndCompPorts>1</grAndCompPorts>
      <grAndCompPorts>1</grAndCompPorts>
    </compToGrInputPortMaps>
    <compToGrInputPortMaps type="ModelRefInfoRepo.GrCompIOPortMaps" uuid="14c938e4-72e3-4dfd-90cf-d1d7edafd8d9">
      <grAndCompPorts>2</grAndCompPorts>
      <grAndCompPorts>2</grAndCompPorts>
    </compToGrInputPortMaps>
    <compToGrInputPortMaps type="ModelRefInfoRepo.GrCompIOPortMaps" uuid="5227d157-c3c2-4ba9-bba9-2cf8c5b08bdc">
      <grAndCompPorts>3</grAndCompPorts>
      <grAndCompPorts>3</grAndCompPorts>
    </compToGrInputPortMaps>
    <compToGrOutputPortMaps type="ModelRefInfoRepo.GrCompIOPortMaps" uuid="ff5ee2d7-c776-439b-8623-c3bd16a5d9b6">
      <grAndCompPorts>0</grAndCompPorts>
      <grAndCompPorts>0</grAndCompPorts>
    </compToGrOutputPortMaps>
    <compToGrOutputPortMaps type="ModelRefInfoRepo.GrCompIOPortMaps" uuid="fc87c5a5-ec87-4f91-b1a9-7683b15832b7">
      <grAndCompPorts>1</grAndCompPorts>
      <grAndCompPorts>1</grAndCompPorts>
    </compToGrOutputPortMaps>
    <compZcCacheNeedsReset>false</compZcCacheNeedsReset>
    <dataDictionary>DrivetrainEv.sldd</dataDictionary>
    <dataDictionarySet>DrivetrainEv.sldd</dataDictionarySet>
    <dataDictionarySetForDataTypeCheck>DrivetrainEv.sldd</dataDictionarySetForDataTypeCheck>
    <dataTransferInfos>AAFJTQAAAAAOAAAAOAAAAAYAAAAIAAAAAgAAAAAAAAAFAAAACAAAAAAAAAABAAAAAQAAAAAAAAAFAAQAAQAAAAEAAAAAAAAA</dataTransferInfos>
    <defaultsCMapping>{&quot;Inports&quot;:&quot;{\&quot;Name\&quot;:\&quot;Default\&quot;,\&quot;Checksum\&quot;:\&quot;Default\&quot;,\&quot;PerInstancePropertiesChecksum\&quot;:\&quot;\&quot;,\&quot;MemorySectionName\&quot;:\&quot;None\&quot;,\&quot;MemorySectionChecksum\&quot;:\&quot;None\&quot;}&quot;,&quot;Outports&quot;:&quot;{\&quot;Name\&quot;:\&quot;Default\&quot;,\&quot;Checksum\&quot;:\&quot;Default\&quot;,\&quot;PerInstancePropertiesChecksum\&quot;:\&quot;\&quot;,\&quot;MemorySectionName\&quot;:\&quot;None\&quot;,\&quot;MemorySectionChecksum\&quot;:\&quot;None\&quot;}&quot;,&quot;ParameterArguments&quot;:&quot;{\&quot;Name\&quot;:\&quot;Default\&quot;,\&quot;Checksum\&quot;:\&quot;Default\&quot;,\&quot;PerInstancePropertiesChecksum\&quot;:\&quot;\&quot;,\&quot;MemorySectionName\&quot;:\&quot;None\&quot;,\&quot;MemorySectionChecksum\&quot;:\&quot;None\&quot;}&quot;,&quot;LocalParameters&quot;:&quot;{\&quot;Name\&quot;:\&quot;Default\&quot;,\&quot;Checksum\&quot;:\&quot;Default\&quot;,\&quot;PerInstancePropertiesChecksum\&quot;:\&quot;\&quot;,\&quot;MemorySectionName\&quot;:\&quot;None\&quot;,\&quot;MemorySectionChecksum\&quot;:\&quot;None\&quot;}&quot;,&quot;GlobalParameters&quot;:&quot;{\&quot;Name\&quot;:\&quot;Default\&quot;,\&quot;Checksum\&quot;:\&quot;Default\&quot;,\&quot;PerInstancePropertiesChecksum\&quot;:\&quot;\&quot;,\&quot;MemorySectionName\&quot;:\&quot;None\&quot;,\&quot;MemorySectionChecksum\&quot;:\&quot;None\&quot;}&quot;,&quot;InternalData&quot;:&quot;{\&quot;Name\&quot;:\&quot;Default\&quot;,\&quot;Checksum\&quot;:\&quot;Default\&quot;,\&quot;PerInstancePropertiesChecksum\&quot;:\&quot;\&quot;,\&quot;MemorySectionName\&quot;:\&quot;None\&quot;,\&quot;MemorySectionChecksum\&quot;:\&quot;None\&quot;}&quot;,&quot;SharedLocalDataStores&quot;:&quot;{\&quot;Name\&quot;:\&quot;Default\&quot;,\&quot;Checksum\&quot;:\&quot;Default\&quot;,\&quot;PerInstancePropertiesChecksum\&quot;:\&quot;\&quot;,\&quot;MemorySectionName\&quot;:\&quot;None\&quot;,\&quot;MemorySectionChecksum\&quot;:\&quot;None\&quot;}&quot;,&quot;GlobalDataStores&quot;:&quot;{\&quot;Name\&quot;:\&quot;Default\&quot;,\&quot;Checksum\&quot;:\&quot;Default\&quot;,\&quot;PerInstancePropertiesChecksum\&quot;:\&quot;\&quot;,\&quot;MemorySectionName\&quot;:\&quot;None\&quot;,\&quot;MemorySectionChecksum\&quot;:\&quot;None\&quot;}&quot;,&quot;Constants&quot;:&quot;{\&quot;Name\&quot;:\&quot;Default\&quot;,\&quot;Checksum\&quot;:\&quot;Default\&quot;,\&quot;PerInstancePropertiesChecksum\&quot;:\&quot;\&quot;,\&quot;MemorySectionName\&quot;:\&quot;None\&quot;,\&quot;MemorySectionChecksum\&quot;:\&quot;None\&quot;}&quot;,&quot;DataTransfers&quot;:&quot;{\&quot;Name\&quot;:\&quot;Default\&quot;,\&quot;Checksum\&quot;:\&quot;Default\&quot;,\&quot;PerInstancePropertiesChecksum\&quot;:\&quot;\&quot;,\&quot;MemorySectionName\&quot;:\&quot;None\&quot;,\&quot;MemorySectionChecksum\&quot;:\&quot;None\&quot;}&quot;,&quot;ModelData&quot;:&quot;{\&quot;Name\&quot;:\&quot;Default\&quot;,\&quot;Checksum\&quot;:\&quot;Default\&quot;,\&quot;PerInstancePropertiesChecksum\&quot;:\&quot;\&quot;,\&quot;MemorySectionName\&quot;:\&quot;None\&quot;,\&quot;MemorySectionChecksum\&quot;:\&quot;None\&quot;}&quot;,&quot;InitializeTerminate&quot;:&quot;{\&quot;Name\&quot;:\&quot;Default\&quot;,\&quot;Checksum\&quot;:\&quot;Default\&quot;,\&quot;PerInstancePropertiesChecksum\&quot;:\&quot;\&quot;,\&quot;MemorySectionName\&quot;:\&quot;None\&quot;,\&quot;MemorySectionChecksum\&quot;:\&quot;None\&quot;}&quot;,&quot;Execution&quot;:&quot;{\&quot;Name\&quot;:\&quot;Default\&quot;,\&quot;Checksum\&quot;:\&quot;Default\&quot;,\&quot;PerInstancePropertiesChecksum\&quot;:\&quot;\&quot;,\&quot;MemorySectionName\&quot;:\&quot;None\&quot;,\&quot;MemorySectionChecksum\&quot;:\&quot;None\&quot;}&quot;,&quot;SharedUtility&quot;:&quot;{\&quot;Name\&quot;:\&quot;Default\&quot;,\&quot;Checksum\&quot;:\&quot;Default\&quot;,\&quot;PerInstancePropertiesChecksum\&quot;:\&quot;\&quot;,\&quot;MemorySectionName\&quot;:\&quot;None\&quot;,\&quot;MemorySectionChecksum\&quot;:\&quot;None\&quot;}&quot;}</defaultsCMapping>
    <grToCompInputPortsMaps type="ModelRefInfoRepo.GrCompIOPortMaps" uuid="18481db8-3521-4930-b163-71b6b1d59c1a">
      <grAndCompPorts>0</grAndCompPorts>
      <grAndCompPorts>0</grAndCompPorts>
    </grToCompInputPortsMaps>
    <grToCompInputPortsMaps type="ModelRefInfoRepo.GrCompIOPortMaps" uuid="61095fbd-5d03-4db0-9044-efe3d8790b1b">
      <grAndCompPorts>1</grAndCompPorts>
      <grAndCompPorts>1</grAndCompPorts>
    </grToCompInputPortsMaps>
    <grToCompInputPortsMaps type="ModelRefInfoRepo.GrCompIOPortMaps" uuid="865cd7ee-b8cc-40cc-832d-868715c6ff7d">
      <grAndCompPorts>2</grAndCompPorts>
      <grAndCompPorts>2</grAndCompPorts>
    </grToCompInputPortsMaps>
    <grToCompInputPortsMaps type="ModelRefInfoRepo.GrCompIOPortMaps" uuid="95d7520f-7918-4916-92e5-76443d1dda04">
      <grAndCompPorts>3</grAndCompPorts>
      <grAndCompPorts>3</grAndCompPorts>
    </grToCompInputPortsMaps>
    <grToCompOutputPortsMaps type="ModelRefInfoRepo.GrCompIOPortMaps" uuid="5be803ea-08be-4c1e-ad56-a22fe391c8f8">
      <grAndCompPorts>0</grAndCompPorts>
      <grAndCompPorts>0</grAndCompPorts>
    </grToCompOutputPortsMaps>
    <grToCompOutputPortsMaps type="ModelRefInfoRepo.GrCompIOPortMaps" uuid="0ee47fab-84a7-4257-a1d8-0f6e89723c23">
      <grAndCompPorts>1</grAndCompPorts>
      <grAndCompPorts>1</grAndCompPorts>
    </grToCompOutputPortsMaps>
    <hasBlockUsingZOHContinuousSampleTime>true</hasBlockUsingZOHContinuousSampleTime>
    <hasBwsAccessed>true</hasBwsAccessed>
    <hasBwsAccessedByAnyModel>true</hasBwsAccessedByAnyModel>
    <hasConstantOutput>false</hasConstantOutput>
    <hasContinuousSampleTime>true</hasContinuousSampleTime>
    <hasInlineVariantBlock>true</hasInlineVariantBlock>
    <hasInternalModelWideEventTs>true</hasInternalModelWideEventTs>
    <hasModelWideEventTs>true</hasModelWideEventTs>
    <hasNonVirtualParameterChangeEvents>true</hasNonVirtualParameterChangeEvents>
    <hasNoncontSigFeedingDerivPorts>true</hasNoncontSigFeedingDerivPorts>
    <hasParallelForEachBlocker>true</hasParallelForEachBlocker>
    <hasStateInsideForEachSubsystem>true</hasStateInsideForEachSubsystem>
    <hasStatesModifiedInOutputUpdate>true</hasStatesModifiedInOutputUpdate>
    <hasVariantModelOrSubsystem>true</hasVariantModelOrSubsystem>
    <inports type="ModelRefInfoRepo.InportInformation" uuid="5dd01f50-4da7-4764-b852-e4117c68f234">
      <designMax>inf</designMax>
      <designMin>-inf</designMin>
      <indexType>2</indexType>
      <rateInfos type="ModelRefInfoRepo.RateInfo">
        <compiled>true</compiled>
        <period>0.0</period>
        <priority>40</priority>
        <rateIdx>0</rateIdx>
      </rateInfos>
      <resolvedSignalObject></resolvedSignalObject>
      <trueHiers>0</trueHiers>
      <executionInterface type="ModelRefInfoRepo.InputExecutionInterface" uuid="b33e9f11-a2cc-437b-b65c-2e82d20c7f50"/>
      <sigNameToEMVCEMap type="ModelRefInfoRepo.SigNameEMVCEInfo" uuid="165ad247-eb5b-4c4f-9a79-ee7dd01b715c"/>
    </inports>
    <inports type="ModelRefInfoRepo.InportInformation" uuid="4c71d615-0a30-45da-b97c-e33f1196eec6">
      <designMax>inf</designMax>
      <designMin>-inf</designMin>
      <indexType>2</indexType>
      <originalPortNumber>1</originalPortNumber>
      <rateInfos type="ModelRefInfoRepo.RateInfo">
        <compiled>true</compiled>
        <period>0.0</period>
        <priority>40</priority>
        <rateIdx>0</rateIdx>
      </rateInfos>
      <resolvedSignalObject></resolvedSignalObject>
      <trueHiers>0</trueHiers>
      <executionInterface type="ModelRefInfoRepo.InputExecutionInterface" uuid="5cd6f954-9340-488a-8c6b-bab3c2ad579e"/>
      <sigNameToEMVCEMap type="ModelRefInfoRepo.SigNameEMVCEInfo" uuid="80922340-a708-4031-b903-47be58c55de3"/>
    </inports>
    <inports type="ModelRefInfoRepo.InportInformation" uuid="b6e674a3-8885-4698-815c-597b8bd18fc4">
      <designMax>inf</designMax>
      <designMin>-inf</designMin>
      <indexType>2</indexType>
      <originalPortNumber>2</originalPortNumber>
      <rateInfos type="ModelRefInfoRepo.RateInfo">
        <compiled>true</compiled>
        <period>0.0</period>
        <priority>40</priority>
        <rateIdx>0</rateIdx>
      </rateInfos>
      <resolvedSignalObject></resolvedSignalObject>
      <trueHiers>0</trueHiers>
      <executionInterface type="ModelRefInfoRepo.InputExecutionInterface" uuid="0979beaa-0ccc-49ec-952c-84384b750558"/>
      <sigNameToEMVCEMap type="ModelRefInfoRepo.SigNameEMVCEInfo" uuid="8a93c802-e662-4384-a262-d72c3e2bf7fe"/>
    </inports>
    <inports type="ModelRefInfoRepo.InportInformation" uuid="4d328b4b-34ec-4cd3-8480-ebe8cc1901a2">
      <designMax>inf</designMax>
      <designMin>-inf</designMin>
      <indexType>2</indexType>
      <originalPortNumber>3</originalPortNumber>
      <rateInfos type="ModelRefInfoRepo.RateInfo">
        <compiled>true</compiled>
        <period>0.0</period>
        <priority>40</priority>
        <rateIdx>0</rateIdx>
      </rateInfos>
      <resolvedSignalObject></resolvedSignalObject>
      <trueHiers>0</trueHiers>
      <executionInterface type="ModelRefInfoRepo.InputExecutionInterface" uuid="132305bd-516c-44cd-8258-3621daab41c5"/>
      <sigNameToEMVCEMap type="ModelRefInfoRepo.SigNameEMVCEInfo" uuid="95c28af3-a7aa-441b-b24a-bec107bc5402"/>
    </inports>
    <isAperiodicRootFcnCallSystem>false</isAperiodicRootFcnCallSystem>
    <isOrigInportVirtualBus>false</isOrigInportVirtualBus>
    <isOrigInportVirtualBus>false</isOrigInportVirtualBus>
    <isOrigInportVirtualBus>false</isOrigInportVirtualBus>
    <isOrigInportVirtualBus>false</isOrigInportVirtualBus>
    <isOrigOutportVirtualBus>false</isOrigOutportVirtualBus>
    <isOrigOutportVirtualBus>false</isOrigOutportVirtualBus>
    <isPreCompSingleRate>false</isPreCompSingleRate>
    <isRefModelConstant>false</isRefModelConstant>
    <isRootFcnCallPortGroupsEmpty>true</isRootFcnCallPortGroupsEmpty>
    <loggingSaveFormat>2</loggingSaveFormat>
    <massMatrixNzMax>20</massMatrixNzMax>
    <maxFreqHz>-1.0</maxFreqHz>
    <numCStateRecs>16</numCStateRecs>
    <numContinuousStates>20</numContinuousStates>
    <numDStateRecs>2</numDStateRecs>
    <numDataInputPorts>4</numDataInputPorts>
    <numLoggableCStateRecs>14</numLoggableCStateRecs>
    <numLoggableJacobianDStates>0</numLoggableJacobianDStates>
    <numModelWideEventTs>1</numModelWideEventTs>
    <numPortlessSimulinkFunctionPortGroups>0</numPortlessSimulinkFunctionPortGroups>
    <numRuntimeExportedRates>2</numRuntimeExportedRates>
    <numSigs>1</numSigs>
    <numTs>3</numTs>
    <origInportBusType></origInportBusType>
    <origInportBusType></origInportBusType>
    <origInportBusType></origInportBusType>
    <origInportBusType></origInportBusType>
    <origOutportBusOutputAsStruct>false</origOutportBusOutputAsStruct>
    <origOutportBusOutputAsStruct>false</origOutportBusOutputAsStruct>
    <origOutportBusType></origOutportBusType>
    <origOutportBusType></origOutportBusType>
    <outports type="ModelRefInfoRepo.OutportInformation" uuid="1f1d048f-0703-48b9-8e33-5d609535e970">
      <okToMerge>3</okToMerge>
      <designMax>inf</designMax>
      <designMin>-inf</designMin>
      <indexType>2</indexType>
      <rateInfos type="ModelRefInfoRepo.RateInfo">
        <compiled>true</compiled>
        <period>0.0</period>
        <priority>40</priority>
        <rateIdx>0</rateIdx>
      </rateInfos>
      <resolvedSignalObject></resolvedSignalObject>
      <trueHiers>0</trueHiers>
      <executionInterface type="ModelRefInfoRepo.OutputExecutionInterface" uuid="d6ed91d9-3ae7-4c76-a90e-9afe05aedc22"/>
      <sigNameToEMVCEMap type="ModelRefInfoRepo.SigNameEMVCEInfo" uuid="908bc8af-5d02-4a40-b0e4-fb97bbfd0888"/>
    </outports>
    <outports type="ModelRefInfoRepo.OutportInformation" uuid="9f3a5cb5-59e7-4fcd-bd6a-160af276bdb5">
      <okToMerge>2</okToMerge>
      <srcHasMultiDsts>true</srcHasMultiDsts>
      <RTWSignalIdentifier>Spd</RTWSignalIdentifier>
      <designMax>inf</designMax>
      <designMin>-inf</designMin>
      <indexType>2</indexType>
      <originalPortNumber>1</originalPortNumber>
      <rateInfos type="ModelRefInfoRepo.RateInfo">
        <compiled>true</compiled>
        <period>0.0</period>
        <priority>40</priority>
        <rateIdx>0</rateIdx>
      </rateInfos>
      <resolvedSignalObject></resolvedSignalObject>
      <trueHiers>0</trueHiers>
      <executionInterface type="ModelRefInfoRepo.OutputExecutionInterface" uuid="febff378-7aaa-4d6f-ae29-0580afb10d4e"/>
      <sigNameToEMVCEMap type="ModelRefInfoRepo.SigNameEMVCEInfo" uuid="daa8f3c9-7852-4d53-a726-dd5a9af7a424"/>
    </outports>
    <periodicStateInfo type="ModelRefInfoRepo.PeriodicStateInfo" uuid="a4ff91b4-d2cd-4b00-9d9e-0e71849ea7a6">
      <continuousStateIndex>6</continuousStateIndex>
      <stateLowerValue>-3.141592653589793</stateLowerValue>
      <stateUpperValue>3.141592653589793</stateUpperValue>
    </periodicStateInfo>
    <preCompAllowConstTsOnPorts>false</preCompAllowConstTsOnPorts>
    <preCompAllowPortBasedInTriggeredSS>false</preCompAllowPortBasedInTriggeredSS>
    <runtimeNonFcnCallRateInfos type="ModelRefInfoRepo.RateInfo">
      <compiled>true</compiled>
      <period>0.0</period>
      <priority>40</priority>
      <rateIdx>0</rateIdx>
    </runtimeNonFcnCallRateInfos>
    <runtimeNonFcnCallRateInfos type="ModelRefInfoRepo.RateInfo">
      <compiled>true</compiled>
      <offset>1.0</offset>
      <period>0.0</period>
      <priority>40</priority>
      <rateIdx>1</rateIdx>
    </runtimeNonFcnCallRateInfos>
    <sampleTimeInheritanceRule>2</sampleTimeInheritanceRule>
    <solverStatusFlags>32781</solverStatusFlags>
    <stateAccessInfos type="ModelRefInfoRepo.StateAccessInfo" uuid="b3bdf74c-d80c-4277-a308-901f1babbf7a">
      <stateOwner>DrivetrainEv/Wheels and Brakes/Longitudinal Wheel - Front 1/Wheel Module/Clutch/Clutch/Slipping/omega wheel</stateOwner>
    </stateAccessInfos>
    <stateAccessInfos type="ModelRefInfoRepo.StateAccessInfo" uuid="033bf8a7-1286-4445-88ae-0952368e89e4">
      <stateOwner>DrivetrainEv/Wheels and Brakes/Longitudinal Wheel - Rear 1/Wheel Module/Clutch/Clutch/Slipping/omega wheel</stateOwner>
    </stateAccessInfos>
    <timingAndTaskingRegistry>&lt;?xml version=&quot;1.0&quot;?&gt;
&lt;slexec_sto version=&quot;1.1&quot; packageUris=&quot;http://schema.mathworks.com/mf0/slexec_mm_sto/R2022b_202202091112&quot;&gt;
  &lt;sto.Registry type=&quot;sto.Registry&quot; uuid=&quot;0c5ed796-d5eb-4866-aee3-8168acebe7ab&quot;&gt;
    &lt;executionSpec&gt;Undetermined&lt;/executionSpec&gt;
    &lt;clockRegistry type=&quot;sto.ClockRegistry&quot; uuid=&quot;b9617e9d-4ee7-4a2b-b099-40863a062605&quot;&gt;
      &lt;clocks type=&quot;sto.Timer&quot; uuid=&quot;fc3c32eb-04fc-4eba-bb95-d705d85278f6&quot;&gt;
        &lt;rates type=&quot;sto.ContinuousRate&quot; uuid=&quot;50f4628f-b34b-4c3d-afd3-0a8304345a88&quot;&gt;
          &lt;annotation&gt;Cont&lt;/annotation&gt;
          &lt;description&gt;Continuous&lt;/description&gt;
          &lt;taskId&gt;_task0&lt;/taskId&gt;
          &lt;rateSpec type=&quot;sto.RateSpec&quot; uuid=&quot;f7dcf803-8b4c-4021-83dc-fb2030f1da78&quot;/&gt;
        &lt;/rates&gt;
        &lt;rates type=&quot;sto.ZOHContinuousRate&quot; uuid=&quot;f38925f0-8bdb-4555-b205-dd486dd040e7&quot;&gt;
          &lt;annotation&gt;FiM&lt;/annotation&gt;
          &lt;colorIndex&gt;8&lt;/colorIndex&gt;
          &lt;description&gt;Fixed in Minor Step&lt;/description&gt;
          &lt;rateIdx&gt;1&lt;/rateIdx&gt;
          &lt;taskId&gt;_task0&lt;/taskId&gt;
          &lt;rateSpec type=&quot;sto.RateSpec&quot; uuid=&quot;137245d1-8dbc-4173-8a64-7b013d021c92&quot;&gt;
            &lt;offset&gt;1.0&lt;/offset&gt;
            &lt;rateType&gt;ZOHContinuous&lt;/rateType&gt;
          &lt;/rateSpec&gt;
        &lt;/rates&gt;
        &lt;baseRate type=&quot;sto.ContinuousRate&quot; uuid=&quot;0879e6fc-96b8-416c-b152-e7f849e82995&quot;&gt;
          &lt;annotation&gt;Cont&lt;/annotation&gt;
          &lt;description&gt;Continuous&lt;/description&gt;
          &lt;taskId&gt;_task0&lt;/taskId&gt;
          &lt;rateSpec type=&quot;sto.RateSpec&quot; uuid=&quot;40c7f52c-7b7a-4c1b-825d-c7326f6c80f4&quot;/&gt;
        &lt;/baseRate&gt;
      &lt;/clocks&gt;
      &lt;clocks type=&quot;sto.Event&quot; uuid=&quot;3e2de70d-86ea-4f42-909e-dbfcdd98c22d&quot;&gt;
        &lt;eventType&gt;PARAMETER_CHANGE_EVENT&lt;/eventType&gt;
        &lt;cNum&gt;1&lt;/cNum&gt;
        &lt;clockType&gt;Event&lt;/clockType&gt;
        &lt;identifier&gt;ParameterChangeEvent&lt;/identifier&gt;
        &lt;rates type=&quot;sto.ModelWideEventRate&quot; uuid=&quot;46107694-dc9c-4fd7-85f2-c088a0b8d7d1&quot;&gt;
          &lt;annotation&gt;Inf&lt;/annotation&gt;
          &lt;clockId&gt;ParameterChangeEvent&lt;/clockId&gt;
          &lt;colorIndex&gt;6&lt;/colorIndex&gt;
          &lt;description&gt;Constant&lt;/description&gt;
          &lt;rateIdx&gt;2&lt;/rateIdx&gt;
          &lt;taskId&gt;ModelWideParameterChangeEvent&lt;/taskId&gt;
          &lt;rateSpec type=&quot;sto.RateSpec&quot; uuid=&quot;47accf3b-3574-4b6d-99c3-a786ed0fc408&quot;&gt;
            &lt;period&gt;inf&lt;/period&gt;
            &lt;rateType&gt;ModelWideParameterChangeEvent&lt;/rateType&gt;
          &lt;/rateSpec&gt;
        &lt;/rates&gt;
      &lt;/clocks&gt;
    &lt;/clockRegistry&gt;
    &lt;taskRegistry type=&quot;sto.TaskRegistry&quot; uuid=&quot;030bfc22-da8c-4629-bcbe-d3b12994af2d&quot;&gt;
      &lt;hasUnknownEdges&gt;true&lt;/hasUnknownEdges&gt;
      &lt;rootTaskHierarchyElements type=&quot;sto.Task&quot; uuid=&quot;bd15cb27-20ca-453d-859f-1f05ea5da7bd&quot;&gt;
        &lt;isExecutable&gt;true&lt;/isExecutable&gt;
        &lt;isExplicit&gt;true&lt;/isExplicit&gt;
        &lt;rates type=&quot;sto.ModelWideEventRate&quot; uuid=&quot;f5737cd9-f4d0-40e3-8abc-673613261049&quot;&gt;
          &lt;annotation&gt;Inf&lt;/annotation&gt;
          &lt;clockId&gt;ParameterChangeEvent&lt;/clockId&gt;
          &lt;colorIndex&gt;6&lt;/colorIndex&gt;
          &lt;description&gt;Constant&lt;/description&gt;
          &lt;rateIdx&gt;2&lt;/rateIdx&gt;
          &lt;taskId&gt;ModelWideParameterChangeEvent&lt;/taskId&gt;
          &lt;rateSpec type=&quot;sto.RateSpec&quot; uuid=&quot;2a61333e-9d2e-45fc-baee-840d236473c5&quot;&gt;
            &lt;period&gt;inf&lt;/period&gt;
            &lt;rateType&gt;ModelWideParameterChangeEvent&lt;/rateType&gt;
          &lt;/rateSpec&gt;
        &lt;/rates&gt;
        &lt;schedulingClockId&gt;ParameterChangeEvent&lt;/schedulingClockId&gt;
        &lt;tNum&gt;1&lt;/tNum&gt;
        &lt;elementType&gt;Task&lt;/elementType&gt;
        &lt;identifier&gt;ModelWideParameterChangeEvent&lt;/identifier&gt;
        &lt;priority&gt;-1&lt;/priority&gt;
      &lt;/rootTaskHierarchyElements&gt;
      &lt;rootTaskHierarchyElements type=&quot;sto.Task&quot; uuid=&quot;9c74a9d6-1a6b-4813-ad9c-81c6e3bf9872&quot;&gt;
        &lt;isExecutable&gt;true&lt;/isExecutable&gt;
        &lt;orderIndex&gt;1&lt;/orderIndex&gt;
        &lt;rates type=&quot;sto.ContinuousRate&quot; uuid=&quot;56bb3817-0213-4dd0-b97e-ac3117aad78a&quot;&gt;
          &lt;annotation&gt;Cont&lt;/annotation&gt;
          &lt;description&gt;Continuous&lt;/description&gt;
          &lt;taskId&gt;_task0&lt;/taskId&gt;
          &lt;rateSpec type=&quot;sto.RateSpec&quot; uuid=&quot;a5394e66-ffc4-4cbf-8306-2274a063adc6&quot;/&gt;
        &lt;/rates&gt;
        &lt;rates type=&quot;sto.ZOHContinuousRate&quot; uuid=&quot;19a5bc9f-2e05-400d-902c-eba0beb30afd&quot;&gt;
          &lt;annotation&gt;FiM&lt;/annotation&gt;
          &lt;colorIndex&gt;8&lt;/colorIndex&gt;
          &lt;description&gt;Fixed in Minor Step&lt;/description&gt;
          &lt;rateIdx&gt;1&lt;/rateIdx&gt;
          &lt;taskId&gt;_task0&lt;/taskId&gt;
          &lt;rateSpec type=&quot;sto.RateSpec&quot; uuid=&quot;22240621-6a94-4ef1-8977-31999bfc9ea2&quot;&gt;
            &lt;offset&gt;1.0&lt;/offset&gt;
            &lt;rateType&gt;ZOHContinuous&lt;/rateType&gt;
          &lt;/rateSpec&gt;
        &lt;/rates&gt;
        &lt;elementType&gt;Task&lt;/elementType&gt;
        &lt;identifier&gt;_task0&lt;/identifier&gt;
        &lt;priority&gt;40&lt;/priority&gt;
      &lt;/rootTaskHierarchyElements&gt;
      &lt;taskDependencyGraph type=&quot;sto.SerializedTaskConnectionList&quot; uuid=&quot;bc5df4eb-d633-4b2d-8500-321ab43e32ba&quot;&gt;
        &lt;taskIdentifier&gt;_task0&lt;/taskIdentifier&gt;
      &lt;/taskDependencyGraph&gt;
      &lt;taskDependencyGraph type=&quot;sto.SerializedTaskConnectionList&quot; uuid=&quot;b28080a3-d8d8-4c47-84ee-46e469c021eb&quot;&gt;
        &lt;clockIdentifier&gt;ParameterChangeEvent&lt;/clockIdentifier&gt;
        &lt;serializedConnectionProperties type=&quot;sto.SerializedConnectionProperties&quot; uuid=&quot;e778dbb1-1fe3-428b-93ea-2e51e708f196&quot;&gt;
          &lt;targetTaskIdentifier&gt;_task0&lt;/targetTaskIdentifier&gt;
        &lt;/serializedConnectionProperties&gt;
        &lt;taskIdentifier&gt;ModelWideParameterChangeEvent&lt;/taskIdentifier&gt;
      &lt;/taskDependencyGraph&gt;
      &lt;taskPriorityDirection&gt;HighNumberLast&lt;/taskPriorityDirection&gt;
    &lt;/taskRegistry&gt;
  &lt;/sto.Registry&gt;
&lt;/slexec_sto&gt;</timingAndTaskingRegistry>
    <usePortBasedSampleTime>false</usePortBasedSampleTime>
    <varSigHier>,,</varSigHier>
    <zeroCrossingInfo type="ModelRefInfoRepo.ZeroCrossingInfo" uuid="4466a401-b68a-452a-be6d-61113c78e706">
      <direction>7</direction>
      <isDiscrete>true</isDiscrete>
      <name>Reset</name>
      <needsEventNotification>true</needsEventNotification>
      <needsSolverReset>true</needsSolverReset>
      <tolerance>-1.0</tolerance>
      <type>1</type>
      <width>1</width>
    </zeroCrossingInfo>
    <zeroCrossingInfo type="ModelRefInfoRepo.ZeroCrossingInfo" uuid="6c0728b0-a6f7-4b6b-bf47-1a824da82fab">
      <direction>7</direction>
      <isDiscrete>true</isDiscrete>
      <name>Reset</name>
      <needsEventNotification>true</needsEventNotification>
      <needsSolverReset>true</needsSolverReset>
      <tolerance>-1.0</tolerance>
      <type>1</type>
      <width>1</width>
    </zeroCrossingInfo>
    <FMUBlockMap type="ModelRefInfoRepo.FMUBlockInfo" uuid="28512f32-2cbf-473b-8fe1-02ec3ac3d51c"/>
    <codeGenInfo type="ModelRefInfoRepo.CodeGenInformation" uuid="1a60c695-f976-4ac7-a36f-6456d46069bb">
      <DWorkTypeName>hmke5fx3tcj</DWorkTypeName>
    </codeGenInfo>
    <compiledVariantInfos type="ModelRefInfoRepo.CompiledVariantInfoMap" uuid="994f19cd-dc52-47bc-8cd7-ba0e948a0c0e"/>
    <configSettingsForConsistencyChecks type="ModelRefInfoRepo.ConfigSettingsForConsistencyChecks" uuid="77c1ce02-7eee-49c3-ab4c-ca81cc0b3fce">
      <consistentOutportInitialization>true</consistentOutportInitialization>
      <frameDiagnosticSetting>2</frameDiagnosticSetting>
      <signalLoggingSaveFormat>2</signalLoggingSaveFormat>
      <simSIMDOptimization>1</simSIMDOptimization>
      <solverName>VariableStepAuto</solverName>
      <hardwareSettings type="ModelRefInfoRepo.HardwareSettings" uuid="e5475d44-35d1-4481-bea2-6be8cbd7ad40">
        <prodBitPerChar>8</prodBitPerChar>
        <prodBitPerDouble>64</prodBitPerDouble>
        <prodBitPerFloat>32</prodBitPerFloat>
        <prodBitPerInt>32</prodBitPerInt>
        <prodBitPerLong>32</prodBitPerLong>
        <prodBitPerLongLong>64</prodBitPerLongLong>
        <prodBitPerPointer>64</prodBitPerPointer>
        <prodBitPerPtrDiffT>64</prodBitPerPtrDiffT>
        <prodBitPerShort>16</prodBitPerShort>
        <prodBitPerSizeT>64</prodBitPerSizeT>
        <prodEndianess>1</prodEndianess>
        <prodShiftRight>true</prodShiftRight>
        <prodWordSize>64</prodWordSize>
      </hardwareSettings>
    </configSettingsForConsistencyChecks>
    <controllableInputRatesMap type="ModelRefInfoRepo.VarTsUIDMap" uuid="36a17230-f7f6-4673-a7c1-15ade415dacd"/>
    <controllableOutputRatesMap type="ModelRefInfoRepo.VarTsUIDMap" uuid="9e8ba351-a0fe-4be9-88a4-ca40c4d5376b"/>
    <dataPortGroup type="ModelRefInfoRepo.DataPortGroup" uuid="ad6aeb89-7302-44f1-8dfd-141f871c11aa">
      <compDataInputPorts>0</compDataInputPorts>
      <compDataInputPorts>1</compDataInputPorts>
      <compDataInputPorts>2</compDataInputPorts>
      <compDataInputPorts>3</compDataInputPorts>
      <compDataOutputPorts>0</compDataOutputPorts>
      <compDataOutputPorts>1</compDataOutputPorts>
      <dataInputPorts>0</dataInputPorts>
      <dataInputPorts>1</dataInputPorts>
      <dataInputPorts>2</dataInputPorts>
      <dataInputPorts>3</dataInputPorts>
      <dataOutputPorts>0</dataOutputPorts>
      <dataOutputPorts>1</dataOutputPorts>
    </dataPortGroup>
    <expFcnUnconnectedDataPortGroup type="ModelRefInfoRepo.DataPortGroup" uuid="d6e88147-988e-42f2-bff6-648228521307"/>
    <interfaceParameterInfo type="ModelRefInfoRepo.InterfaceParameterInfo" uuid="ce7974ad-c2a4-4374-bf3a-3e9843685969"/>
    <messageInfo type="ModelRefInfoRepo.MessageInformation" uuid="ff3549ce-3c3c-4097-b03e-f637a745cb90"/>
    <methodInfo type="ModelRefInfoRepo.MethodExistenceInfo" uuid="dbf5e230-3f74-4273-a355-735d72f9bf24">
      <hasDerivMethod>true</hasDerivMethod>
      <hasDisableMethod>true</hasDisableMethod>
      <hasEnableMethod>true</hasEnableMethod>
      <hasForcingFunctionMethod>true</hasForcingFunctionMethod>
      <hasSystemInitializeMethod>true</hasSystemInitializeMethod>
      <hasSystemResetMethod>true</hasSystemResetMethod>
      <hasTerminateMethod>true</hasTerminateMethod>
      <hasUpdateMethod>true</hasUpdateMethod>
    </methodInfo>
    <periodicEventPortUnsupportedBlockInfo type="ModelRefInfoRepo.PeriodicEventPortUnsupportedBlockInfo" uuid="34968667-c4a3-474e-9d1c-1eb4ce8a7138">
      <multiRateSubsystems>DrivetrainEv/Wheels and Brakes/Longitudinal Wheel - Front 1/Wheel Module/Clutch</multiRateSubsystems>
      <multiRateSubsystems>DrivetrainEv/Wheels and Brakes/Longitudinal Wheel - Rear 1/Wheel Module/Clutch</multiRateSubsystems>
    </periodicEventPortUnsupportedBlockInfo>
    <portGroupsRequireSameRate type="ModelRefInfoRepo.PortGroupsRequireSameRate" uuid="b23325f6-c050-4524-9e7f-aa5db7db6e6b">
      <DSMPortGroups type="ModelRefInfoRepo.NameToPortGroupIdxVectMap" uuid="3e68bf71-5c73-4f2f-9418-4db0c110574b"/>
      <GlobalDSMPortGroups type="ModelRefInfoRepo.NameToPortGroupIdxVectMap" uuid="10a6c41f-1120-478f-bc1b-afdc8a2b5a85"/>
      <mergedPortGroups type="ModelRefInfoRepo.NameToPortGroupIdxVectMap" uuid="5d363fab-ddc3-4840-bbfb-1feb0e53d7c4"/>
    </portGroupsRequireSameRate>
    <rateBasedMdlGlobalDSMRateSpec type="ModelRefInfoRepo.GlobalDSMRateSpecMap" uuid="dd6ede4d-7783-4946-ad9d-0de1f3acc938"/>
    <rateSpecOfGlobalDSMAccessedByDescExpFcnMdlMap type="ModelRefInfoRepo.GlobalDSMRateSpecMap" uuid="cee67fbd-6dbc-4c93-a61d-e5682d9ce728"/>
    <rootBlockDiagramInterface type="ci.Model" uuid="34fffb2e-190d-47da-a61d-9fc57c5089b1">
      <p_RootComponentInterface type="ci.ComponentInterface" uuid="6734d63b-ab32-4791-979b-8ef427dcd764">
        <p_InputPorts type="ci.SignalInterface" uuid="bde96152-8dbe-4d8f-ac07-5bfd27cb7593">
          <p_ComputedNumericDimensions>1.0</p_ComputedNumericDimensions>
          <p_ComputedSampleTime>0.0</p_ComputedSampleTime>
          <p_ComputedSampleTime>0.0</p_ComputedSampleTime>
          <p_ComputedUnit>N*m</p_ComputedUnit>
        </p_InputPorts>
        <p_InputPorts type="ci.SignalInterface" uuid="0b4095b8-2deb-456c-8830-7b803ed0ba7c">
          <p_ComputedNumericDimensions>1.0</p_ComputedNumericDimensions>
          <p_ComputedSampleTime>0.0</p_ComputedSampleTime>
          <p_ComputedSampleTime>0.0</p_ComputedSampleTime>
        </p_InputPorts>
        <p_InputPorts type="ci.SignalInterface" uuid="c69b43e6-cd90-4a07-b912-24a1b7f1f686">
          <p_ComputedNumericDimensions>1.0</p_ComputedNumericDimensions>
          <p_ComputedSampleTime>0.0</p_ComputedSampleTime>
          <p_ComputedSampleTime>0.0</p_ComputedSampleTime>
          <p_ComputedUnit>deg</p_ComputedUnit>
        </p_InputPorts>
        <p_InputPorts type="ci.SignalInterface" uuid="91cacfad-d7be-4c03-bf47-650cbb390d39">
          <p_ComputedNumericDimensions>1.0</p_ComputedNumericDimensions>
          <p_ComputedSampleTime>0.0</p_ComputedSampleTime>
          <p_ComputedSampleTime>0.0</p_ComputedSampleTime>
          <p_ComputedUnit>m/s</p_ComputedUnit>
        </p_InputPorts>
        <p_Name>DrivetrainEv</p_Name>
        <p_OutputPorts type="ci.SignalInterface" uuid="25e4c105-8d47-4ba7-86e7-ed09336ffa17">
          <p_ComputedNumericDimensions>1.0</p_ComputedNumericDimensions>
          <p_ComputedSampleTime>0.0</p_ComputedSampleTime>
          <p_ComputedSampleTime>0.0</p_ComputedSampleTime>
          <p_ComputedUnit>m/s</p_ComputedUnit>
        </p_OutputPorts>
        <p_OutputPorts type="ci.SignalInterface" uuid="f5891486-484f-4730-ab89-a3d3e70e3be3">
          <p_ComputedNumericDimensions>1.0</p_ComputedNumericDimensions>
          <p_ComputedSampleTime>0.0</p_ComputedSampleTime>
          <p_ComputedSampleTime>0.0</p_ComputedSampleTime>
          <p_ComputedUnit>rad/s</p_ComputedUnit>
        </p_OutputPorts>
        <p_Type>ROOT</p_Type>
      </p_RootComponentInterface>
    </rootBlockDiagramInterface>
    <simulinkFunctions type="ModelRefInfoRepo.SimulinkFunctions" uuid="0525ca77-c20f-4c2c-9da4-3d7f247c3b89">
      <compSimulinkFunctionCatalog></compSimulinkFunctionCatalog>
    </simulinkFunctions>
    <sltpContext type="sltp.mm.core.Context" uuid="79a7e1e4-9500-4348-a826-c05e88986236">
      <globalData type="sltp.mm.core.GlobalData" uuid="d3c6074a-5e7a-4852-be08-efb2341c76f7">
        <dataName>portBrakeReq</dataName>
        <type>RootInport</type>
      </globalData>
      <globalData type="sltp.mm.core.GlobalData" uuid="8ed7d9c6-d8cb-4883-9ec4-331bb16ffc04">
        <dataName>portGrade</dataName>
        <type>RootInport</type>
      </globalData>
      <globalData type="sltp.mm.core.GlobalData" uuid="c0a2e795-8e6f-4bd0-82e9-accac0c05255">
        <dataName>portMotSpd</dataName>
        <type>RootOutport</type>
      </globalData>
      <globalData type="sltp.mm.core.GlobalData" uuid="44a0367f-a815-4360-9264-e0a25c77dd77">
        <dataName>portMotTrq</dataName>
        <type>RootInport</type>
      </globalData>
      <globalData type="sltp.mm.core.GlobalData" uuid="a81c7d12-17ae-4df4-96b9-d15ccd321dc8">
        <dataName>portVehSpd</dataName>
        <type>RootOutport</type>
      </globalData>
      <globalData type="sltp.mm.core.GlobalData" uuid="a13afee4-7ceb-459d-a694-2c6150f786f6">
        <dataName>portWind Vel</dataName>
        <type>RootInport</type>
      </globalData>
      <priorityDirection>HighNumberLast</priorityDirection>
      <editorState type="sltp.mm.core.EditorState" uuid="0d9e2672-226e-4ca5-8c32-23a657cbe672">
        <isSynchronized>true</isSynchronized>
        <panelState type="sltp.mm.core.EditorPanelState" uuid="58260b84-e40c-4a9d-a92f-81a4e44f64d4"/>
      </editorState>
      <rootTask type="sltp.mm.core.Task" uuid="72d1d80f-c25f-4c16-83f3-14727dbce7c5">
        <context type="sltp.mm.core.Context" uuid="79a7e1e4-9500-4348-a826-c05e88986236"/>
        <explicit>false</explicit>
        <name>Default</name>
        <priority>-2147483648</priority>
        <subgraph type="sltp.mm.core.Graph" uuid="2f00b129-d5d4-40b2-970f-06292f8d11e0">
          <tasks type="sltp.mm.core.Task" uuid="2b0b9603-22f7-4895-a7dd-f595e53e1a2e">
            <baseTask>true</baseTask>
            <context type="sltp.mm.core.Context" uuid="79a7e1e4-9500-4348-a826-c05e88986236"/>
            <explicit>false</explicit>
            <id>1</id>
            <isTimed>true</isTimed>
            <name>Cont</name>
            <priority>40</priority>
            <rates type="sltp.mm.core.Rate" uuid="a506ce60-745e-4640-b5ed-60e82748d2be">
              <annotation>Cont</annotation>
              <color>255</color>
              <hasBlocks>true</hasBlocks>
              <rateSpec type="sltp.mm.core.RateSpec">
                <period>0.0</period>
              </rateSpec>
              <sti>0</sti>
            </rates>
            <rates type="sltp.mm.core.Rate" uuid="772e9321-aaa3-4476-8f0f-fcb2198f3927">
              <annotation>FiM</annotation>
              <color>-2139062017</color>
              <hasBlocks>true</hasBlocks>
              <rateSpec type="sltp.mm.core.RateSpec">
                <offset>1.0</offset>
                <period>0.0</period>
              </rateSpec>
              <sti>1</sti>
            </rates>
          </tasks>
        </subgraph>
      </rootTask>
    </sltpContext>
    <stateWriterToOwnerMap type="ModelRefInfoRepo.StateWriterInfo" uuid="3116eeb3-9c02-45af-9758-9d3178be51b3"/>
    <stoClientDataRegistry type="sto.ClientDataRegistry" uuid="cbcefb3f-c68a-4ea2-b992-1e989a31472f">
      <dataSets type="sto.ClientClockNamedDataSet" uuid="a9581498-83db-4226-b3ac-e41373ff1b5f">
        <tag>sltpEvents</tag>
      </dataSets>
      <dataSets type="sto.ClientTaskHierarchyElementNamedDataSet" uuid="6d4390d1-6a36-40b3-8b2f-d112096e7109">
        <tag>sltpTaskGroups</tag>
      </dataSets>
      <dataSets type="sto.ClientTaskHierarchyElementNamedDataSet" uuid="32147eff-27d9-488b-a56c-2f75988ef62f">
        <dSet type="ModelRefInfoRepo.SltpTaskData" uuid="b9696dc1-deed-4315-b9c5-c6fafc5a28e7"/>
        <tSet type="ModelRefInfoRepo.SltpTaskData" uuid="b9696dc1-deed-4315-b9c5-c6fafc5a28e7">
          <dataName>Cont</dataName>
          <linkedSet type="sto.ClientTaskHierarchyElementNamedDataSet" uuid="32147eff-27d9-488b-a56c-2f75988ef62f"/>
          <id type="sto.TaskHierarchyElementId">
            <id>_task0</id>
          </id>
        </tSet>
        <tag>sltpTasks</tag>
      </dataSets>
    </stoClientDataRegistry>
    <typeTable type="type_info.TypeTable" uuid="f1f74a7e-c3f0-4490-a53e-18a796e72ea3">
      <Types type="type_info.Type" uuid="d8b4e36d-c43b-46fe-8765-6220e4f9667f">
        <Name>action</Name>
      </Types>
      <Types type="type_info.NumericType" uuid="fa6df039-6dde-4919-85e2-74d957be4333">
        <MxClassId>3</MxClassId>
        <Size>1</Size>
        <typeEnum>NUMERIC</typeEnum>
        <Name>boolean</Name>
      </Types>
      <Types type="type_info.NumericType" uuid="ae674bca-de30-476c-8374-cec0662218c7">
        <DataTypeId>1</DataTypeId>
        <MxClassId>6</MxClassId>
        <Size>8</Size>
        <typeEnum>NUMERIC</typeEnum>
        <Name>double</Name>
      </Types>
      <Types type="type_info.Type" uuid="185c5893-f8bc-44cf-b11b-0f7dc0d65a0d">
        <Name>fcn_call</Name>
      </Types>
      <Types type="type_info.NumericType" uuid="ee3b7532-d2fc-4465-bb88-aa3df4596607">
        <MxClassId>10</MxClassId>
        <Size>2</Size>
        <typeEnum>NUMERIC</typeEnum>
        <Name>int16</Name>
      </Types>
      <Types type="type_info.NumericType" uuid="b9feebc1-486e-4e6c-8154-3d0f23706342">
        <MxClassId>12</MxClassId>
        <Size>4</Size>
        <Name>int32</Name>
      </Types>
      <Types type="type_info.FixedPointType" uuid="bdb2f3ee-9626-4944-8491-712e305241ea">
        <DataTypeId>15</DataTypeId>
        <Size>8</Size>
        <typeEnum>FIXPOINT</typeEnum>
        <Name>int64</Name>
      </Types>
      <Types type="type_info.NumericType" uuid="e3ee98cc-f88b-4ac7-a539-0e916429bf03">
        <MxClassId>8</MxClassId>
        <Size>1</Size>
        <typeEnum>NUMERIC</typeEnum>
        <Name>int8</Name>
      </Types>
      <Types type="type_info.Type" uuid="1ace86ee-fa43-4428-a452-b65250878182">
        <Name>integer</Name>
      </Types>
      <Types type="type_info.Type" uuid="39d2b896-4f37-4a1d-9afc-a501fa5963fe">
        <Name>physical_connection</Name>
      </Types>
      <Types type="type_info.Type" uuid="4676e854-e9b7-48a1-b608-d1e0e52e0177">
        <Name>pointer</Name>
      </Types>
      <Types type="type_info.NumericType" uuid="39632dd3-d0f4-4849-8c87-2dd1eafb530a">
        <MxClassId>7</MxClassId>
        <Size>4</Size>
        <typeEnum>NUMERIC</typeEnum>
        <Name>single</Name>
      </Types>
      <Types type="type_info.Type" uuid="dca7169e-1f1a-4d31-bff9-a33e7aff75ce">
        <Name>timer_uint32_pair</Name>
      </Types>
      <Types type="type_info.NumericType" uuid="eae129a7-8d7f-4801-9a14-2740754e0c12">
        <MxClassId>11</MxClassId>
        <Size>2</Size>
        <typeEnum>NUMERIC</typeEnum>
        <Name>uint16</Name>
      </Types>
      <Types type="type_info.NumericType" uuid="31231c85-8161-4298-9ded-793093aa68d7">
        <MxClassId>13</MxClassId>
        <Size>4</Size>
        <typeEnum>NUMERIC</typeEnum>
        <Name>uint32</Name>
      </Types>
      <Types type="type_info.FixedPointType" uuid="4f80e703-5d31-458a-bd8a-af9d14155949">
        <DataTypeId>16</DataTypeId>
        <Size>8</Size>
        <typeEnum>FIXPOINT</typeEnum>
        <Name>uint64</Name>
      </Types>
      <Types type="type_info.NumericType" uuid="af1d4b50-b28f-46d4-a525-35064cd4e303">
        <MxClassId>9</MxClassId>
        <Size>1</Size>
        <typeEnum>NUMERIC</typeEnum>
        <Name>uint8</Name>
      </Types>
      <isInitialized>true</isInitialized>
    </typeTable>
    <varTsUIDMap type="ModelRefInfoRepo.VarTsUIDMap" uuid="c5499528-4560-457e-9898-07441b793c4a"/>
  </ModelRefInfoRepo.ModelRefInfoRoot>
</MF0>