<?xml version="1.0" encoding="UTF-8"?>
<MF0 version="1.1" packageUris="http://schema.mathworks.com/mf0/ci/19700101 http://schema.mathworks.com/mf0/sl_modelref_info/R2022b http://schema.mathworks.com/mf0/slexec_mm_sto/R2022b_202202091112 http://schema.mathworks.com/mf0/sltp_mm/R2022b_202203181029">
  <ModelRefInfoRepo.ModelRefInfoRoot type="ModelRefInfoRepo.ModelRefInfoRoot" uuid="623c74a2-e597-434f-9860-29f01e371c35">
    <JITEngines>sNGxFQGYpSUmbUDONOvBNBC</JITEngines>
    <JITEngines>sfeMw5YUbkqtwLlhlFOtyQD</JITEngines>
    <JITEngines>sqPjD5Nu4iPT3EJXPUfqqkH</JITEngines>
    <childModelRefInfo type="ModelRefInfoRepo.ChildModelRefInfo" uuid="f3837ae2-20d5-4a99-ba6d-09af3f436c0c">
      <modelName>FCEvPowertrainController</modelName>
      <modelPath>FCEvPowertrainController</modelPath>
    </childModelRefInfo>
    <compDerivCacheNeedsReset>false</compDerivCacheNeedsReset>
    <compToGrInputPortMaps type="ModelRefInfoRepo.GrCompIOPortMaps" uuid="a1d43ed1-b1aa-4ad0-b35d-1e3ca8f823a2">
      <grAndCompPorts>0</grAndCompPorts>
      <grAndCompPorts>0</grAndCompPorts>
    </compToGrInputPortMaps>
    <compToGrInputPortMaps type="ModelRefInfoRepo.GrCompIOPortMaps" uuid="a1f238c8-8dce-4273-af13-d13bea250669">
      <grAndCompPorts>1</grAndCompPorts>
      <grAndCompPorts>1</grAndCompPorts>
    </compToGrInputPortMaps>
    <compToGrInputPortMaps type="ModelRefInfoRepo.GrCompIOPortMaps" uuid="70cf2c6b-7689-4424-844f-310637ab747d">
      <grAndCompPorts>2</grAndCompPorts>
      <grAndCompPorts>2</grAndCompPorts>
    </compToGrInputPortMaps>
    <compToGrInputPortMaps type="ModelRefInfoRepo.GrCompIOPortMaps" uuid="e914f790-4647-49ac-9b2c-3e4a40349733">
      <grAndCompPorts>3</grAndCompPorts>
      <grAndCompPorts>3</grAndCompPorts>
    </compToGrInputPortMaps>
    <compToGrInputPortMaps type="ModelRefInfoRepo.GrCompIOPortMaps" uuid="0416d238-5c1b-4ce4-9a00-b7fae6f4f28c">
      <grAndCompPorts>4</grAndCompPorts>
      <grAndCompPorts>4</grAndCompPorts>
    </compToGrInputPortMaps>
    <compToGrInputPortMaps type="ModelRefInfoRepo.GrCompIOPortMaps" uuid="f5657ca0-0dd7-4c6e-9dd0-a69c548e995e">
      <grAndCompPorts>5</grAndCompPorts>
      <grAndCompPorts>5</grAndCompPorts>
    </compToGrInputPortMaps>
    <compToGrInputPortMaps type="ModelRefInfoRepo.GrCompIOPortMaps" uuid="9af22dd2-c983-4826-90f6-243f95377abb">
      <grAndCompPorts>6</grAndCompPorts>
      <grAndCompPorts>6</grAndCompPorts>
    </compToGrInputPortMaps>
    <compToGrInputPortMaps type="ModelRefInfoRepo.GrCompIOPortMaps" uuid="84e8ca0c-ffb7-47d8-91bf-9eab22134206">
      <grAndCompPorts>7</grAndCompPorts>
      <grAndCompPorts>7</grAndCompPorts>
    </compToGrInputPortMaps>
    <compToGrOutputPortMaps type="ModelRefInfoRepo.GrCompIOPortMaps" uuid="366d9a99-1d7d-4ebf-bd1f-334dc2c573bd">
      <grAndCompPorts>0</grAndCompPorts>
      <grAndCompPorts>0</grAndCompPorts>
    </compToGrOutputPortMaps>
    <compToGrOutputPortMaps type="ModelRefInfoRepo.GrCompIOPortMaps" uuid="88c39322-00a2-44a6-861f-289832ff9655">
      <grAndCompPorts>1</grAndCompPorts>
      <grAndCompPorts>1</grAndCompPorts>
    </compToGrOutputPortMaps>
    <compToGrOutputPortMaps type="ModelRefInfoRepo.GrCompIOPortMaps" uuid="5c6c1b76-3f4e-498f-b791-cec260e54ec5">
      <grAndCompPorts>2</grAndCompPorts>
      <grAndCompPorts>2</grAndCompPorts>
    </compToGrOutputPortMaps>
    <compToGrOutputPortMaps type="ModelRefInfoRepo.GrCompIOPortMaps" uuid="5d67c952-4cb0-49a8-80fb-84bc31ead9a6">
      <grAndCompPorts>3</grAndCompPorts>
      <grAndCompPorts>3</grAndCompPorts>
    </compToGrOutputPortMaps>
    <compZcCacheNeedsReset>false</compZcCacheNeedsReset>
    <dataDictionary>FCEvPowertrainController.sldd</dataDictionary>
    <dataDictionarySet>FCEvPowertrainController.sldd</dataDictionarySet>
    <dataDictionarySetForDataTypeCheck>FCEvPowertrainController.sldd</dataDictionarySetForDataTypeCheck>
    <dataTransferInfos>AAFJTQAAAAAOAAAAOAAAAAYAAAAIAAAAAgAAAAAAAAAFAAAACAAAAAAAAAABAAAAAQAAAAAAAAAFAAQAAQAAAAEAAAAAAAAA</dataTransferInfos>
    <defaultsCMapping>{&quot;Inports&quot;:&quot;{\&quot;Name\&quot;:\&quot;Default\&quot;,\&quot;Checksum\&quot;:\&quot;Default\&quot;,\&quot;PerInstancePropertiesChecksum\&quot;:\&quot;\&quot;,\&quot;MemorySectionName\&quot;:\&quot;None\&quot;,\&quot;MemorySectionChecksum\&quot;:\&quot;None\&quot;}&quot;,&quot;Outports&quot;:&quot;{\&quot;Name\&quot;:\&quot;Default\&quot;,\&quot;Checksum\&quot;:\&quot;Default\&quot;,\&quot;PerInstancePropertiesChecksum\&quot;:\&quot;\&quot;,\&quot;MemorySectionName\&quot;:\&quot;None\&quot;,\&quot;MemorySectionChecksum\&quot;:\&quot;None\&quot;}&quot;,&quot;ParameterArguments&quot;:&quot;{\&quot;Name\&quot;:\&quot;Default\&quot;,\&quot;Checksum\&quot;:\&quot;Default\&quot;,\&quot;PerInstancePropertiesChecksum\&quot;:\&quot;\&quot;,\&quot;MemorySectionName\&quot;:\&quot;None\&quot;,\&quot;MemorySectionChecksum\&quot;:\&quot;None\&quot;}&quot;,&quot;LocalParameters&quot;:&quot;{\&quot;Name\&quot;:\&quot;Default\&quot;,\&quot;Checksum\&quot;:\&quot;Default\&quot;,\&quot;PerInstancePropertiesChecksum\&quot;:\&quot;\&quot;,\&quot;MemorySectionName\&quot;:\&quot;None\&quot;,\&quot;MemorySectionChecksum\&quot;:\&quot;None\&quot;}&quot;,&quot;GlobalParameters&quot;:&quot;{\&quot;Name\&quot;:\&quot;Default\&quot;,\&quot;Checksum\&quot;:\&quot;Default\&quot;,\&quot;PerInstancePropertiesChecksum\&quot;:\&quot;\&quot;,\&quot;MemorySectionName\&quot;:\&quot;None\&quot;,\&quot;MemorySectionChecksum\&quot;:\&quot;None\&quot;}&quot;,&quot;InternalData&quot;:&quot;{\&quot;Name\&quot;:\&quot;Default\&quot;,\&quot;Checksum\&quot;:\&quot;Default\&quot;,\&quot;PerInstancePropertiesChecksum\&quot;:\&quot;\&quot;,\&quot;MemorySectionName\&quot;:\&quot;None\&quot;,\&quot;MemorySectionChecksum\&quot;:\&quot;None\&quot;}&quot;,&quot;SharedLocalDataStores&quot;:&quot;{\&quot;Name\&quot;:\&quot;Default\&quot;,\&quot;Checksum\&quot;:\&quot;Default\&quot;,\&quot;PerInstancePropertiesChecksum\&quot;:\&quot;\&quot;,\&quot;MemorySectionName\&quot;:\&quot;None\&quot;,\&quot;MemorySectionChecksum\&quot;:\&quot;None\&quot;}&quot;,&quot;GlobalDataStores&quot;:&quot;{\&quot;Name\&quot;:\&quot;Default\&quot;,\&quot;Checksum\&quot;:\&quot;Default\&quot;,\&quot;PerInstancePropertiesChecksum\&quot;:\&quot;\&quot;,\&quot;MemorySectionName\&quot;:\&quot;None\&quot;,\&quot;MemorySectionChecksum\&quot;:\&quot;None\&quot;}&quot;,&quot;Constants&quot;:&quot;{\&quot;Name\&quot;:\&quot;Default\&quot;,\&quot;Checksum\&quot;:\&quot;Default\&quot;,\&quot;PerInstancePropertiesChecksum\&quot;:\&quot;\&quot;,\&quot;MemorySectionName\&quot;:\&quot;None\&quot;,\&quot;MemorySectionChecksum\&quot;:\&quot;None\&quot;}&quot;,&quot;DataTransfers&quot;:&quot;{\&quot;Name\&quot;:\&quot;Default\&quot;,\&quot;Checksum\&quot;:\&quot;Default\&quot;,\&quot;PerInstancePropertiesChecksum\&quot;:\&quot;\&quot;,\&quot;MemorySectionName\&quot;:\&quot;None\&quot;,\&quot;MemorySectionChecksum\&quot;:\&quot;None\&quot;}&quot;,&quot;ModelData&quot;:&quot;{\&quot;Name\&quot;:\&quot;Default\&quot;,\&quot;Checksum\&quot;:\&quot;Default\&quot;,\&quot;PerInstancePropertiesChecksum\&quot;:\&quot;\&quot;,\&quot;MemorySectionName\&quot;:\&quot;None\&quot;,\&quot;MemorySectionChecksum\&quot;:\&quot;None\&quot;}&quot;,&quot;InitializeTerminate&quot;:&quot;{\&quot;Name\&quot;:\&quot;Default\&quot;,\&quot;Checksum\&quot;:\&quot;Default\&quot;,\&quot;PerInstancePropertiesChecksum\&quot;:\&quot;\&quot;,\&quot;MemorySectionName\&quot;:\&quot;None\&quot;,\&quot;MemorySectionChecksum\&quot;:\&quot;None\&quot;}&quot;,&quot;Execution&quot;:&quot;{\&quot;Name\&quot;:\&quot;Default\&quot;,\&quot;Checksum\&quot;:\&quot;Default\&quot;,\&quot;PerInstancePropertiesChecksum\&quot;:\&quot;\&quot;,\&quot;MemorySectionName\&quot;:\&quot;None\&quot;,\&quot;MemorySectionChecksum\&quot;:\&quot;None\&quot;}&quot;,&quot;SharedUtility&quot;:&quot;{\&quot;Name\&quot;:\&quot;Default\&quot;,\&quot;Checksum\&quot;:\&quot;Default\&quot;,\&quot;PerInstancePropertiesChecksum\&quot;:\&quot;\&quot;,\&quot;MemorySectionName\&quot;:\&quot;None\&quot;,\&quot;MemorySectionChecksum\&quot;:\&quot;None\&quot;}&quot;}</defaultsCMapping>
    <fundamentalSampleTimePeriod>.01</fundamentalSampleTimePeriod>
    <grToCompInputPortsMaps type="ModelRefInfoRepo.GrCompIOPortMaps" uuid="8962898c-eebf-4c02-a786-396e90cdb08f">
      <grAndCompPorts>0</grAndCompPorts>
      <grAndCompPorts>0</grAndCompPorts>
    </grToCompInputPortsMaps>
    <grToCompInputPortsMaps type="ModelRefInfoRepo.GrCompIOPortMaps" uuid="5e0e8723-8754-49c4-98e2-ce7b093db786">
      <grAndCompPorts>1</grAndCompPorts>
      <grAndCompPorts>1</grAndCompPorts>
    </grToCompInputPortsMaps>
    <grToCompInputPortsMaps type="ModelRefInfoRepo.GrCompIOPortMaps" uuid="e6af2d95-db84-476f-8e51-0362094e0c9a">
      <grAndCompPorts>2</grAndCompPorts>
      <grAndCompPorts>2</grAndCompPorts>
    </grToCompInputPortsMaps>
    <grToCompInputPortsMaps type="ModelRefInfoRepo.GrCompIOPortMaps" uuid="a54ca2b5-41f1-452d-9eb4-18793455e5e1">
      <grAndCompPorts>3</grAndCompPorts>
      <grAndCompPorts>3</grAndCompPorts>
    </grToCompInputPortsMaps>
    <grToCompInputPortsMaps type="ModelRefInfoRepo.GrCompIOPortMaps" uuid="9c67aeae-e687-42c1-994e-a2083aeb080b">
      <grAndCompPorts>4</grAndCompPorts>
      <grAndCompPorts>4</grAndCompPorts>
    </grToCompInputPortsMaps>
    <grToCompInputPortsMaps type="ModelRefInfoRepo.GrCompIOPortMaps" uuid="75660cdc-4b54-42bf-a717-2ea25e95ae40">
      <grAndCompPorts>5</grAndCompPorts>
      <grAndCompPorts>5</grAndCompPorts>
    </grToCompInputPortsMaps>
    <grToCompInputPortsMaps type="ModelRefInfoRepo.GrCompIOPortMaps" uuid="c5dd9934-66fc-41e6-84f6-940462ebf629">
      <grAndCompPorts>6</grAndCompPorts>
      <grAndCompPorts>6</grAndCompPorts>
    </grToCompInputPortsMaps>
    <grToCompInputPortsMaps type="ModelRefInfoRepo.GrCompIOPortMaps" uuid="8ea569ab-d04e-4c2f-adc5-0ddd0afa6978">
      <grAndCompPorts>7</grAndCompPorts>
      <grAndCompPorts>7</grAndCompPorts>
    </grToCompInputPortsMaps>
    <grToCompOutputPortsMaps type="ModelRefInfoRepo.GrCompIOPortMaps" uuid="4fcd52f6-6194-46eb-8e27-34c98c8d41ea">
      <grAndCompPorts>0</grAndCompPorts>
      <grAndCompPorts>0</grAndCompPorts>
    </grToCompOutputPortsMaps>
    <grToCompOutputPortsMaps type="ModelRefInfoRepo.GrCompIOPortMaps" uuid="6f360917-0b01-4cb4-9d38-70ee788c56d6">
      <grAndCompPorts>1</grAndCompPorts>
      <grAndCompPorts>1</grAndCompPorts>
    </grToCompOutputPortsMaps>
    <grToCompOutputPortsMaps type="ModelRefInfoRepo.GrCompIOPortMaps" uuid="237db49c-6b47-4d20-8356-376a464bd154">
      <grAndCompPorts>2</grAndCompPorts>
      <grAndCompPorts>2</grAndCompPorts>
    </grToCompOutputPortsMaps>
    <grToCompOutputPortsMaps type="ModelRefInfoRepo.GrCompIOPortMaps" uuid="05fd6bf6-9182-43ba-8fa5-3f6cfbcf6e5e">
      <grAndCompPorts>3</grAndCompPorts>
      <grAndCompPorts>3</grAndCompPorts>
    </grToCompOutputPortsMaps>
    <hasBlockWithPeriodicDiscreteSampleTime>true</hasBlockWithPeriodicDiscreteSampleTime>
    <hasBwsAccessed>true</hasBwsAccessed>
    <hasBwsAccessedByAnyModel>true</hasBwsAccessedByAnyModel>
    <hasConstantOutput>false</hasConstantOutput>
    <hasInlineVariantBlock>true</hasInlineVariantBlock>
    <hasInternalModelWideEventTs>true</hasInternalModelWideEventTs>
    <hasModelWideEventTs>true</hasModelWideEventTs>
    <hasNonVirtualConstantTs>true</hasNonVirtualConstantTs>
    <hasNonVirtualParameterChangeEvents>true</hasNonVirtualParameterChangeEvents>
    <hasVariantModelOrSubsystem>true</hasVariantModelOrSubsystem>
    <inports type="ModelRefInfoRepo.InportInformation" uuid="31f42b84-8d02-49a1-8391-4c91eb5308b6">
      <isNotDerivPort>true</isNotDerivPort>
      <designMax>inf</designMax>
      <designMin>-inf</designMin>
      <indexType>2</indexType>
      <rateInfos type="ModelRefInfoRepo.RateInfo">
        <compiled>true</compiled>
        <nonFcnCallPartitionName>D1</nonFcnCallPartitionName>
        <period>.01</period>
        <priority>40</priority>
        <rateIdx>0</rateIdx>
      </rateInfos>
      <resolvedSignalObject></resolvedSignalObject>
      <trueHiers>0</trueHiers>
      <executionInterface type="ModelRefInfoRepo.InputExecutionInterface" uuid="0a43e6e9-c25e-4d3c-ad66-011b34a2f85b"/>
      <sigNameToEMVCEMap type="ModelRefInfoRepo.SigNameEMVCEInfo" uuid="9217605d-4e59-487e-9511-8a42c5fccfc8"/>
    </inports>
    <inports type="ModelRefInfoRepo.InportInformation" uuid="9921f14d-ad89-472a-8e54-be5869bec956">
      <isNotDerivPort>true</isNotDerivPort>
      <designMax>inf</designMax>
      <designMin>-inf</designMin>
      <indexType>2</indexType>
      <originalPortNumber>1</originalPortNumber>
      <rateInfos type="ModelRefInfoRepo.RateInfo">
        <compiled>true</compiled>
        <nonFcnCallPartitionName>D1</nonFcnCallPartitionName>
        <period>.01</period>
        <priority>40</priority>
        <rateIdx>0</rateIdx>
      </rateInfos>
      <resolvedSignalObject></resolvedSignalObject>
      <trueHiers>0</trueHiers>
      <executionInterface type="ModelRefInfoRepo.InputExecutionInterface" uuid="06f5e5ad-956b-441b-a8b3-d235ce46bf9d"/>
      <sigNameToEMVCEMap type="ModelRefInfoRepo.SigNameEMVCEInfo" uuid="1f294528-0c55-4f0f-884c-4ce10f5cd8c6"/>
    </inports>
    <inports type="ModelRefInfoRepo.InportInformation" uuid="c613eaaa-544c-47c1-a2f1-5fe1fa7a16ef">
      <isNotDerivPort>true</isNotDerivPort>
      <designMax>inf</designMax>
      <designMin>-inf</designMin>
      <indexType>2</indexType>
      <originalPortNumber>2</originalPortNumber>
      <rateInfos type="ModelRefInfoRepo.RateInfo">
        <compiled>true</compiled>
        <nonFcnCallPartitionName>D1</nonFcnCallPartitionName>
        <period>.01</period>
        <priority>40</priority>
        <rateIdx>0</rateIdx>
      </rateInfos>
      <resolvedSignalObject></resolvedSignalObject>
      <trueHiers>0</trueHiers>
      <executionInterface type="ModelRefInfoRepo.InputExecutionInterface" uuid="16eda94a-5a06-4ade-899d-1a7377106bfd"/>
      <sigNameToEMVCEMap type="ModelRefInfoRepo.SigNameEMVCEInfo" uuid="4437f557-c8cb-4f28-a114-8caf66d7ed7b"/>
    </inports>
    <inports type="ModelRefInfoRepo.InportInformation" uuid="eed18cc0-7925-4993-9b7b-84f002477a6a">
      <isNotDerivPort>true</isNotDerivPort>
      <designMax>inf</designMax>
      <designMin>-inf</designMin>
      <indexType>2</indexType>
      <originalPortNumber>3</originalPortNumber>
      <rateInfos type="ModelRefInfoRepo.RateInfo">
        <compiled>true</compiled>
        <nonFcnCallPartitionName>D1</nonFcnCallPartitionName>
        <period>.01</period>
        <priority>40</priority>
        <rateIdx>0</rateIdx>
      </rateInfos>
      <resolvedSignalObject></resolvedSignalObject>
      <trueHiers>0</trueHiers>
      <executionInterface type="ModelRefInfoRepo.InputExecutionInterface" uuid="cf5b650d-3741-4954-a344-fb5eadf453ab"/>
      <sigNameToEMVCEMap type="ModelRefInfoRepo.SigNameEMVCEInfo" uuid="efcff055-a69d-4ce2-93bd-22c348aacfb4"/>
    </inports>
    <inports type="ModelRefInfoRepo.InportInformation" uuid="8c3a8a2e-5e9d-4c78-92d7-cc9ba47ad646">
      <isNotDerivPort>true</isNotDerivPort>
      <designMax>inf</designMax>
      <designMin>-inf</designMin>
      <indexType>2</indexType>
      <originalPortNumber>4</originalPortNumber>
      <rateInfos type="ModelRefInfoRepo.RateInfo">
        <compiled>true</compiled>
        <nonFcnCallPartitionName>D1</nonFcnCallPartitionName>
        <period>.01</period>
        <priority>40</priority>
        <rateIdx>0</rateIdx>
      </rateInfos>
      <resolvedSignalObject></resolvedSignalObject>
      <trueHiers>0</trueHiers>
      <executionInterface type="ModelRefInfoRepo.InputExecutionInterface" uuid="44f876fa-1cd3-487c-b444-904f18af490b"/>
      <sigNameToEMVCEMap type="ModelRefInfoRepo.SigNameEMVCEInfo" uuid="f0bdc212-2657-4a76-ab3e-deedff873772"/>
    </inports>
    <inports type="ModelRefInfoRepo.InportInformation" uuid="14ce3b8f-bfbc-4800-9e67-f11feec01f35">
      <isNotDerivPort>true</isNotDerivPort>
      <designMax>inf</designMax>
      <designMin>-inf</designMin>
      <indexType>2</indexType>
      <originalPortNumber>5</originalPortNumber>
      <rateInfos type="ModelRefInfoRepo.RateInfo">
        <compiled>true</compiled>
        <nonFcnCallPartitionName>D1</nonFcnCallPartitionName>
        <period>.01</period>
        <priority>40</priority>
        <rateIdx>0</rateIdx>
      </rateInfos>
      <resolvedSignalObject></resolvedSignalObject>
      <trueHiers>0</trueHiers>
      <executionInterface type="ModelRefInfoRepo.InputExecutionInterface" uuid="3d78758d-ac87-4baa-b80f-fe44e203a12c"/>
      <sigNameToEMVCEMap type="ModelRefInfoRepo.SigNameEMVCEInfo" uuid="af19a54b-0328-4a42-a470-c656d9f7ea5f"/>
    </inports>
    <inports type="ModelRefInfoRepo.InportInformation" uuid="5cb04511-12e2-408d-a688-dda8fcc4bec6">
      <isNotDerivPort>true</isNotDerivPort>
      <designMax>inf</designMax>
      <designMin>-inf</designMin>
      <indexType>2</indexType>
      <originalPortNumber>6</originalPortNumber>
      <rateInfos type="ModelRefInfoRepo.RateInfo">
        <compiled>true</compiled>
        <nonFcnCallPartitionName>D1</nonFcnCallPartitionName>
        <period>.01</period>
        <priority>40</priority>
        <rateIdx>0</rateIdx>
      </rateInfos>
      <resolvedSignalObject></resolvedSignalObject>
      <trueHiers>0</trueHiers>
      <executionInterface type="ModelRefInfoRepo.InputExecutionInterface" uuid="9d6cd44a-767a-48b0-9b56-c5a7c6f7163f"/>
      <sigNameToEMVCEMap type="ModelRefInfoRepo.SigNameEMVCEInfo" uuid="9cafbe09-0405-4cd1-9814-f036de010340"/>
    </inports>
    <inports type="ModelRefInfoRepo.InportInformation" uuid="1ebfec74-a40e-4b54-bd7b-6921e0431243">
      <isNotDerivPort>true</isNotDerivPort>
      <designMax>inf</designMax>
      <designMin>-inf</designMin>
      <indexType>2</indexType>
      <originalPortNumber>7</originalPortNumber>
      <rateInfos type="ModelRefInfoRepo.RateInfo">
        <compiled>true</compiled>
        <nonFcnCallPartitionName>D1</nonFcnCallPartitionName>
        <period>.01</period>
        <priority>40</priority>
        <rateIdx>0</rateIdx>
      </rateInfos>
      <resolvedSignalObject></resolvedSignalObject>
      <trueHiers>0</trueHiers>
      <executionInterface type="ModelRefInfoRepo.InputExecutionInterface" uuid="69de0682-cc80-437c-b9b0-b75ae8114cad"/>
      <sigNameToEMVCEMap type="ModelRefInfoRepo.SigNameEMVCEInfo" uuid="192acea3-1c1d-42e3-b25f-9335ec9492e2"/>
    </inports>
    <isAperiodicRootFcnCallSystem>false</isAperiodicRootFcnCallSystem>
    <isOrigInportVirtualBus>false</isOrigInportVirtualBus>
    <isOrigInportVirtualBus>false</isOrigInportVirtualBus>
    <isOrigInportVirtualBus>false</isOrigInportVirtualBus>
    <isOrigInportVirtualBus>false</isOrigInportVirtualBus>
    <isOrigInportVirtualBus>false</isOrigInportVirtualBus>
    <isOrigInportVirtualBus>false</isOrigInportVirtualBus>
    <isOrigInportVirtualBus>false</isOrigInportVirtualBus>
    <isOrigInportVirtualBus>false</isOrigInportVirtualBus>
    <isOrigOutportVirtualBus>false</isOrigOutportVirtualBus>
    <isOrigOutportVirtualBus>false</isOrigOutportVirtualBus>
    <isOrigOutportVirtualBus>false</isOrigOutportVirtualBus>
    <isOrigOutportVirtualBus>false</isOrigOutportVirtualBus>
    <isPreCompSingleRate>false</isPreCompSingleRate>
    <isRefModelConstant>false</isRefModelConstant>
    <isRootFcnCallPortGroupsEmpty>true</isRootFcnCallPortGroupsEmpty>
    <loggingSaveFormat>2</loggingSaveFormat>
    <maxFreqHz>-1.0</maxFreqHz>
    <nonTunableVariables>rtw_collapsed_sub_expr_10</nonTunableVariables>
    <nonTunableVariables>rtw_collapsed_sub_expr_11</nonTunableVariables>
    <nonTunableVariables>rtw_collapsed_sub_expr_13</nonTunableVariables>
    <nonTunableVariables>rtw_collapsed_sub_expr_3</nonTunableVariables>
    <nonTunableVariables>rtw_collapsed_sub_expr_4</nonTunableVariables>
    <nonTunableVariables>rtw_collapsed_sub_expr_5</nonTunableVariables>
    <nonTunableVariables>rtw_collapsed_sub_expr_6</nonTunableVariables>
    <nonTunableVariables>rtw_collapsed_sub_expr_7</nonTunableVariables>
    <nonTunableVariables>rtw_collapsed_sub_expr_8</nonTunableVariables>
    <numDataInputPorts>8</numDataInputPorts>
    <numLoggableJacobianDStates>0</numLoggableJacobianDStates>
    <numModelWideEventTs>1</numModelWideEventTs>
    <numPortlessSimulinkFunctionPortGroups>0</numPortlessSimulinkFunctionPortGroups>
    <numRuntimeExportedRates>1</numRuntimeExportedRates>
    <numSigs>1</numSigs>
    <numTs>2</numTs>
    <origInportBusType></origInportBusType>
    <origInportBusType></origInportBusType>
    <origInportBusType></origInportBusType>
    <origInportBusType></origInportBusType>
    <origInportBusType></origInportBusType>
    <origInportBusType></origInportBusType>
    <origInportBusType></origInportBusType>
    <origInportBusType></origInportBusType>
    <origOutportBusOutputAsStruct>false</origOutportBusOutputAsStruct>
    <origOutportBusOutputAsStruct>false</origOutportBusOutputAsStruct>
    <origOutportBusOutputAsStruct>false</origOutportBusOutputAsStruct>
    <origOutportBusOutputAsStruct>false</origOutportBusOutputAsStruct>
    <origOutportBusType></origOutportBusType>
    <origOutportBusType></origOutportBusType>
    <origOutportBusType></origOutportBusType>
    <origOutportBusType></origOutportBusType>
    <outports type="ModelRefInfoRepo.OutportInformation" uuid="b96732ec-d081-44a1-ad88-b6ba0016c1b4">
      <okToMerge>2</okToMerge>
      <srcHasMultiDsts>true</srcHasMultiDsts>
      <designMax>inf</designMax>
      <designMin>-inf</designMin>
      <indexType>2</indexType>
      <rateInfos type="ModelRefInfoRepo.RateInfo">
        <compiled>true</compiled>
        <nonFcnCallPartitionName>D1</nonFcnCallPartitionName>
        <period>.01</period>
        <priority>40</priority>
        <rateIdx>0</rateIdx>
      </rateInfos>
      <resolvedSignalObject></resolvedSignalObject>
      <trueHiers>0</trueHiers>
      <executionInterface type="ModelRefInfoRepo.OutputExecutionInterface" uuid="02627417-57fc-4005-bfbc-4e3a8445d439"/>
      <sigNameToEMVCEMap type="ModelRefInfoRepo.SigNameEMVCEInfo" uuid="4b75d5db-70cd-4df0-9a50-67c62abf0ed2"/>
    </outports>
    <outports type="ModelRefInfoRepo.OutportInformation" uuid="7fec98aa-6a31-4e89-b893-4861c4ba5a47">
      <okToMerge>3</okToMerge>
      <designMax>inf</designMax>
      <designMin>-inf</designMin>
      <indexType>2</indexType>
      <originalPortNumber>1</originalPortNumber>
      <rateInfos type="ModelRefInfoRepo.RateInfo">
        <compiled>true</compiled>
        <nonFcnCallPartitionName>D1</nonFcnCallPartitionName>
        <period>.01</period>
        <priority>40</priority>
        <rateIdx>0</rateIdx>
      </rateInfos>
      <resolvedSignalObject></resolvedSignalObject>
      <trueHiers>0</trueHiers>
      <executionInterface type="ModelRefInfoRepo.OutputExecutionInterface" uuid="a4c3c1bd-9743-4048-9c15-66523f196330"/>
      <sigNameToEMVCEMap type="ModelRefInfoRepo.SigNameEMVCEInfo" uuid="97ee754e-5192-4638-b756-395e93327fcd"/>
    </outports>
    <outports type="ModelRefInfoRepo.OutportInformation" uuid="fdccf534-703d-44a4-8e4c-5a8c31e4f2a0">
      <okToMerge>3</okToMerge>
      <RTWSignalIdentifier>FCCurrCmd</RTWSignalIdentifier>
      <designMax>inf</designMax>
      <designMin>-inf</designMin>
      <indexType>2</indexType>
      <originalPortNumber>2</originalPortNumber>
      <rateInfos type="ModelRefInfoRepo.RateInfo">
        <compiled>true</compiled>
        <nonFcnCallPartitionName>D1</nonFcnCallPartitionName>
        <period>.01</period>
        <priority>40</priority>
        <rateIdx>0</rateIdx>
      </rateInfos>
      <resolvedSignalObject></resolvedSignalObject>
      <trueHiers>0</trueHiers>
      <executionInterface type="ModelRefInfoRepo.OutputExecutionInterface" uuid="21507edf-b3d5-45a8-a8ee-344ecbf82fc0"/>
      <sigNameToEMVCEMap type="ModelRefInfoRepo.SigNameEMVCEInfo" uuid="519afa08-1e46-4b49-be48-53e518de4269"/>
    </outports>
    <outports type="ModelRefInfoRepo.OutportInformation" uuid="fcac9a4c-b4ce-4e33-ba96-e21ea2b6c961">
      <computeICInFirstInitialize>true</computeICInFirstInitialize>
      <hasSystemInitMethod>true</hasSystemInitMethod>
      <okToMerge>3</okToMerge>
      <RTWSignalIdentifier>FCTempCmd</RTWSignalIdentifier>
      <designMax>inf</designMax>
      <designMin>-inf</designMin>
      <indexType>2</indexType>
      <originalPortNumber>3</originalPortNumber>
      <rateInfos type="ModelRefInfoRepo.RateInfo">
        <compiled>true</compiled>
        <nonFcnCallPartitionName>D1</nonFcnCallPartitionName>
        <period>.01</period>
        <priority>40</priority>
        <rateIdx>0</rateIdx>
      </rateInfos>
      <resolvedSignalObject></resolvedSignalObject>
      <trueHiers>0</trueHiers>
      <executionInterface type="ModelRefInfoRepo.OutputExecutionInterface" uuid="c642b6a5-84c7-4b01-8abb-0cf6134cc975"/>
      <sigNameToEMVCEMap type="ModelRefInfoRepo.SigNameEMVCEInfo" uuid="b6e66a2e-2ae4-4612-9283-8485d4bf80b6"/>
    </outports>
    <preCompAllowConstTsOnPorts>false</preCompAllowConstTsOnPorts>
    <preCompAllowPortBasedInTriggeredSS>false</preCompAllowPortBasedInTriggeredSS>
    <runtimeNonFcnCallRateInfos type="ModelRefInfoRepo.RateInfo">
      <compiled>true</compiled>
      <nonFcnCallPartitionName>D1</nonFcnCallPartitionName>
      <period>.01</period>
      <priority>40</priority>
      <rateIdx>0</rateIdx>
    </runtimeNonFcnCallRateInfos>
    <sampleTimeInheritanceRule>2</sampleTimeInheritanceRule>
    <solverStatusFlags>323</solverStatusFlags>
    <timingAndTaskingRegistry>&lt;?xml version=&quot;1.0&quot;?&gt;
&lt;slexec_sto version=&quot;1.1&quot; packageUris=&quot;http://schema.mathworks.com/mf0/slexec_mm_sto/R2022b_202202091112&quot;&gt;
  &lt;sto.Registry type=&quot;sto.Registry&quot; uuid=&quot;d0d9256f-5ce7-499f-924d-faf3a4be1f40&quot;&gt;
    &lt;executionSpec&gt;Undetermined&lt;/executionSpec&gt;
    &lt;clockRegistry type=&quot;sto.ClockRegistry&quot; uuid=&quot;cf328b67-bc7c-46a3-ab97-9f1bdbe328a7&quot;&gt;
      &lt;clocks type=&quot;sto.Timer&quot; uuid=&quot;98c9f222-2f6e-47ee-8e7d-815fa1399368&quot;&gt;
        &lt;clockTickConstraint&gt;PeriodicWithFixedResolution&lt;/clockTickConstraint&gt;
        &lt;computedFundamentalDiscretePeriod&gt;.01&lt;/computedFundamentalDiscretePeriod&gt;
        &lt;resolution&gt;.01&lt;/resolution&gt;
        &lt;timeAdvanceMode&gt;FixedStep&lt;/timeAdvanceMode&gt;
        &lt;rates type=&quot;sto.ClassicPeriodicDiscreteRate&quot; uuid=&quot;6d92a34d-6c34-4f73-980a-5dd2473cbf7e&quot;&gt;
          &lt;annotation&gt;D1&lt;/annotation&gt;
          &lt;colorIndex&gt;2&lt;/colorIndex&gt;
          &lt;description&gt;Discrete 1&lt;/description&gt;
          &lt;taskId&gt;_task0&lt;/taskId&gt;
          &lt;rateSpec type=&quot;sto.RateSpec&quot; uuid=&quot;a346b2af-b47c-4dc7-a19c-5cc82e6f4765&quot;&gt;
            &lt;period&gt;.01&lt;/period&gt;
            &lt;rateType&gt;ClassicPeriodicDiscrete&lt;/rateType&gt;
          &lt;/rateSpec&gt;
        &lt;/rates&gt;
        &lt;baseRate type=&quot;sto.ClassicPeriodicDiscreteRate&quot; uuid=&quot;ebe2fd30-202e-481d-87d5-0f05e0570919&quot;&gt;
          &lt;annotation&gt;D1&lt;/annotation&gt;
          &lt;colorIndex&gt;2&lt;/colorIndex&gt;
          &lt;description&gt;Discrete 1&lt;/description&gt;
          &lt;taskId&gt;_task0&lt;/taskId&gt;
          &lt;rateSpec type=&quot;sto.RateSpec&quot; uuid=&quot;3327c275-e31c-4a0e-bdf4-9fef189c31f3&quot;&gt;
            &lt;period&gt;.01&lt;/period&gt;
            &lt;rateType&gt;ClassicPeriodicDiscrete&lt;/rateType&gt;
          &lt;/rateSpec&gt;
        &lt;/baseRate&gt;
      &lt;/clocks&gt;
      &lt;clocks type=&quot;sto.Event&quot; uuid=&quot;f36043cb-cb63-47a4-9fa7-afcfce637c6f&quot;&gt;
        &lt;eventType&gt;PARAMETER_CHANGE_EVENT&lt;/eventType&gt;
        &lt;cNum&gt;1&lt;/cNum&gt;
        &lt;clockType&gt;Event&lt;/clockType&gt;
        &lt;identifier&gt;ParameterChangeEvent&lt;/identifier&gt;
        &lt;rates type=&quot;sto.ModelWideEventRate&quot; uuid=&quot;8efc0f3b-5d88-4722-baae-f3f823dc921d&quot;&gt;
          &lt;annotation&gt;Inf&lt;/annotation&gt;
          &lt;clockId&gt;ParameterChangeEvent&lt;/clockId&gt;
          &lt;colorIndex&gt;6&lt;/colorIndex&gt;
          &lt;description&gt;Constant&lt;/description&gt;
          &lt;rateIdx&gt;1&lt;/rateIdx&gt;
          &lt;taskId&gt;ModelWideParameterChangeEvent&lt;/taskId&gt;
          &lt;rateSpec type=&quot;sto.RateSpec&quot; uuid=&quot;65fc6625-5541-4885-84ee-3490c23f0ed8&quot;&gt;
            &lt;period&gt;inf&lt;/period&gt;
            &lt;rateType&gt;ModelWideParameterChangeEvent&lt;/rateType&gt;
          &lt;/rateSpec&gt;
        &lt;/rates&gt;
      &lt;/clocks&gt;
      &lt;timeAdvanceMode&gt;FixedStep&lt;/timeAdvanceMode&gt;
    &lt;/clockRegistry&gt;
    &lt;taskRegistry type=&quot;sto.TaskRegistry&quot; uuid=&quot;1dd1c10f-4c82-490b-ba2e-2d98f2c85042&quot;&gt;
      &lt;hasUnknownEdges&gt;true&lt;/hasUnknownEdges&gt;
      &lt;rootTaskHierarchyElements type=&quot;sto.Task&quot; uuid=&quot;08b91de4-0034-412a-baff-60096f1654c0&quot;&gt;
        &lt;isExecutable&gt;true&lt;/isExecutable&gt;
        &lt;isExplicit&gt;true&lt;/isExplicit&gt;
        &lt;rates type=&quot;sto.ModelWideEventRate&quot; uuid=&quot;fc4f350b-d000-4cb0-80f9-e62b4b94d52e&quot;&gt;
          &lt;annotation&gt;Inf&lt;/annotation&gt;
          &lt;clockId&gt;ParameterChangeEvent&lt;/clockId&gt;
          &lt;colorIndex&gt;6&lt;/colorIndex&gt;
          &lt;description&gt;Constant&lt;/description&gt;
          &lt;rateIdx&gt;1&lt;/rateIdx&gt;
          &lt;taskId&gt;ModelWideParameterChangeEvent&lt;/taskId&gt;
          &lt;rateSpec type=&quot;sto.RateSpec&quot; uuid=&quot;a97a0262-500c-4230-9c1d-a8cdf71272b6&quot;&gt;
            &lt;period&gt;inf&lt;/period&gt;
            &lt;rateType&gt;ModelWideParameterChangeEvent&lt;/rateType&gt;
          &lt;/rateSpec&gt;
        &lt;/rates&gt;
        &lt;schedulingClockId&gt;ParameterChangeEvent&lt;/schedulingClockId&gt;
        &lt;tNum&gt;1&lt;/tNum&gt;
        &lt;elementType&gt;Task&lt;/elementType&gt;
        &lt;identifier&gt;ModelWideParameterChangeEvent&lt;/identifier&gt;
        &lt;priority&gt;-1&lt;/priority&gt;
      &lt;/rootTaskHierarchyElements&gt;
      &lt;rootTaskHierarchyElements type=&quot;sto.Task&quot; uuid=&quot;def91c70-faf0-4ed7-b80c-94b2642634c7&quot;&gt;
        &lt;isExecutable&gt;true&lt;/isExecutable&gt;
        &lt;orderIndex&gt;1&lt;/orderIndex&gt;
        &lt;rates type=&quot;sto.ClassicPeriodicDiscreteRate&quot; uuid=&quot;7a02e4ab-951a-4193-b646-b1bd9054f1ed&quot;&gt;
          &lt;annotation&gt;D1&lt;/annotation&gt;
          &lt;colorIndex&gt;2&lt;/colorIndex&gt;
          &lt;description&gt;Discrete 1&lt;/description&gt;
          &lt;taskId&gt;_task0&lt;/taskId&gt;
          &lt;rateSpec type=&quot;sto.RateSpec&quot; uuid=&quot;7b1fe8ba-66f1-461d-a363-f85c023d38e1&quot;&gt;
            &lt;period&gt;.01&lt;/period&gt;
            &lt;rateType&gt;ClassicPeriodicDiscrete&lt;/rateType&gt;
          &lt;/rateSpec&gt;
        &lt;/rates&gt;
        &lt;elementType&gt;Task&lt;/elementType&gt;
        &lt;identifier&gt;_task0&lt;/identifier&gt;
        &lt;priority&gt;40&lt;/priority&gt;
      &lt;/rootTaskHierarchyElements&gt;
      &lt;taskDependencyGraph type=&quot;sto.SerializedTaskConnectionList&quot; uuid=&quot;3d8243a6-0b5f-43e8-b234-862d80c65e80&quot;&gt;
        &lt;taskIdentifier&gt;_task0&lt;/taskIdentifier&gt;
      &lt;/taskDependencyGraph&gt;
      &lt;taskDependencyGraph type=&quot;sto.SerializedTaskConnectionList&quot; uuid=&quot;35cfbd19-2002-4cf4-975e-8e592f364381&quot;&gt;
        &lt;clockIdentifier&gt;ParameterChangeEvent&lt;/clockIdentifier&gt;
        &lt;serializedConnectionProperties type=&quot;sto.SerializedConnectionProperties&quot; uuid=&quot;12b3b427-c58f-441c-a8b5-641c1d08d5e6&quot;&gt;
          &lt;targetTaskIdentifier&gt;_task0&lt;/targetTaskIdentifier&gt;
        &lt;/serializedConnectionProperties&gt;
        &lt;taskIdentifier&gt;ModelWideParameterChangeEvent&lt;/taskIdentifier&gt;
      &lt;/taskDependencyGraph&gt;
      &lt;taskPriorityDirection&gt;HighNumberLast&lt;/taskPriorityDirection&gt;
      &lt;taskingMode&gt;ClassicMultiTasking&lt;/taskingMode&gt;
    &lt;/taskRegistry&gt;
  &lt;/sto.Registry&gt;
&lt;/slexec_sto&gt;</timingAndTaskingRegistry>
    <usePortBasedSampleTime>false</usePortBasedSampleTime>
    <userSpecifiedFixedStepSize>.01</userSpecifiedFixedStepSize>
    <varSigHier>,,</varSigHier>
    <FMUBlockMap type="ModelRefInfoRepo.FMUBlockInfo" uuid="cd87f362-6502-4c2d-8c4b-ec89bc57e320"/>
    <codeGenInfo type="ModelRefInfoRepo.CodeGenInformation" uuid="b8bf004b-34a3-4925-9a65-4cbdbb9d73d2">
      <DWorkTypeName>dif03hcjvgl</DWorkTypeName>
    </codeGenInfo>
    <compiledVariantInfos type="ModelRefInfoRepo.CompiledVariantInfoMap" uuid="d2fd3d61-4b2c-4f5b-886a-6b7eb283e47e"/>
    <configSettingsForConsistencyChecks type="ModelRefInfoRepo.ConfigSettingsForConsistencyChecks" uuid="11b109da-b1f4-4e7b-91e5-a0a0417413b0">
      <consistentOutportInitialization>true</consistentOutportInitialization>
      <fixedStepSize>.01</fixedStepSize>
      <frameDiagnosticSetting>2</frameDiagnosticSetting>
      <hasHybridSampleTime>true</hasHybridSampleTime>
      <signalLoggingSaveFormat>2</signalLoggingSaveFormat>
      <simSIMDOptimization>1</simSIMDOptimization>
      <solverName>FixedStepDiscrete</solverName>
      <solverType>SOLVER_TYPE_FIXEDSTEP</solverType>
      <hardwareSettings type="ModelRefInfoRepo.HardwareSettings" uuid="789419c5-33dc-4bcf-8816-f798e51c61b4">
        <prodBitPerChar>8</prodBitPerChar>
        <prodBitPerDouble>64</prodBitPerDouble>
        <prodBitPerFloat>32</prodBitPerFloat>
        <prodBitPerInt>32</prodBitPerInt>
        <prodBitPerLong>32</prodBitPerLong>
        <prodBitPerLongLong>64</prodBitPerLongLong>
        <prodBitPerPointer>64</prodBitPerPointer>
        <prodBitPerPtrDiffT>64</prodBitPerPtrDiffT>
        <prodBitPerShort>16</prodBitPerShort>
        <prodBitPerSizeT>64</prodBitPerSizeT>
        <prodEndianess>1</prodEndianess>
        <prodShiftRight>true</prodShiftRight>
        <prodWordSize>64</prodWordSize>
      </hardwareSettings>
    </configSettingsForConsistencyChecks>
    <controllableInputRatesMap type="ModelRefInfoRepo.VarTsUIDMap" uuid="6b7f6324-5fe4-431b-b5dc-aa6ff368ae77"/>
    <controllableOutputRatesMap type="ModelRefInfoRepo.VarTsUIDMap" uuid="33af9f7b-ad46-449d-ae54-6095e43cf504"/>
    <dataPortGroup type="ModelRefInfoRepo.DataPortGroup" uuid="13e62e2e-fbfc-4b30-8459-db589c698a51">
      <compDataInputPorts>0</compDataInputPorts>
      <compDataInputPorts>1</compDataInputPorts>
      <compDataInputPorts>2</compDataInputPorts>
      <compDataInputPorts>3</compDataInputPorts>
      <compDataInputPorts>4</compDataInputPorts>
      <compDataInputPorts>5</compDataInputPorts>
      <compDataInputPorts>6</compDataInputPorts>
      <compDataInputPorts>7</compDataInputPorts>
      <compDataOutputPorts>0</compDataOutputPorts>
      <compDataOutputPorts>1</compDataOutputPorts>
      <compDataOutputPorts>2</compDataOutputPorts>
      <compDataOutputPorts>3</compDataOutputPorts>
      <dataInputPorts>0</dataInputPorts>
      <dataInputPorts>1</dataInputPorts>
      <dataInputPorts>2</dataInputPorts>
      <dataInputPorts>3</dataInputPorts>
      <dataInputPorts>4</dataInputPorts>
      <dataInputPorts>5</dataInputPorts>
      <dataInputPorts>6</dataInputPorts>
      <dataInputPorts>7</dataInputPorts>
      <dataOutputPorts>0</dataOutputPorts>
      <dataOutputPorts>1</dataOutputPorts>
      <dataOutputPorts>2</dataOutputPorts>
      <dataOutputPorts>3</dataOutputPorts>
    </dataPortGroup>
    <expFcnUnconnectedDataPortGroup type="ModelRefInfoRepo.DataPortGroup" uuid="9e41c45f-91ed-43f7-a805-8558b1eaa9dc">
      <compDataInputPorts>4</compDataInputPorts>
      <compDataInputPorts>5</compDataInputPorts>
    </expFcnUnconnectedDataPortGroup>
    <interfaceParameterInfo type="ModelRefInfoRepo.InterfaceParameterInfo" uuid="48785102-0f73-4950-ac63-970f7861cbc7"/>
    <messageInfo type="ModelRefInfoRepo.MessageInformation" uuid="8b2ff25b-de97-4e02-af0b-c6cc1fc67fe5">
      <rootInportInfo type="ModelRefInfoRepo.MessageRootPortInfo" uuid="1072f18a-5c32-4e78-bb3c-6f73d9aca500">
        <GrHierarchyMsgModeMap type="ModelRefInfoRepo.MessageModeMap" uuid="15a71a39-f091-4ca4-b70a-3816b9965aa9">
          <portIdx>4</portIdx>
        </GrHierarchyMsgModeMap>
        <GrHierarchyMsgModeMap type="ModelRefInfoRepo.MessageModeMap" uuid="d9463b8a-12a3-4e2d-9967-85b19c2853f6">
          <portIdx>5</portIdx>
        </GrHierarchyMsgModeMap>
      </rootInportInfo>
    </messageInfo>
    <methodInfo type="ModelRefInfoRepo.MethodExistenceInfo" uuid="00ef008a-c829-412a-ba2b-194a6c6bbc51">
      <hasSystemInitializeMethod>true</hasSystemInitializeMethod>
      <hasSystemResetMethod>true</hasSystemResetMethod>
      <hasTerminateMethod>true</hasTerminateMethod>
    </methodInfo>
    <periodicEventPortUnsupportedBlockInfo type="ModelRefInfoRepo.PeriodicEventPortUnsupportedBlockInfo" uuid="c1167cd5-6823-4de6-af06-7c01e468f199"/>
    <portGroupsRequireSameRate type="ModelRefInfoRepo.PortGroupsRequireSameRate" uuid="4b6b63e8-03cf-485d-9af1-ce22770c1152">
      <DSMPortGroups type="ModelRefInfoRepo.NameToPortGroupIdxVectMap" uuid="8f036a31-5dfd-472f-b6b1-443cbbfaada0"/>
      <GlobalDSMPortGroups type="ModelRefInfoRepo.NameToPortGroupIdxVectMap" uuid="bc90907d-329f-416f-9033-dca1d4d1e123"/>
      <mergedPortGroups type="ModelRefInfoRepo.NameToPortGroupIdxVectMap" uuid="9ab8cf16-331c-466a-9793-af4d98c9b0dc"/>
    </portGroupsRequireSameRate>
    <rateBasedMdlGlobalDSMRateSpec type="ModelRefInfoRepo.GlobalDSMRateSpecMap" uuid="23cd1c6e-3ced-4ddf-b7fc-f0240d99fd24"/>
    <rateSpecOfGlobalDSMAccessedByDescExpFcnMdlMap type="ModelRefInfoRepo.GlobalDSMRateSpecMap" uuid="dae1fff0-9d45-4b51-b43f-ad0571c88107"/>
    <rootBlockDiagramInterface type="ci.Model" uuid="4037ded0-1a39-41ed-839e-c4b99229d265">
      <p_RootComponentInterface type="ci.ComponentInterface" uuid="08dce3ca-7e99-4449-b61c-24abd6eae481">
        <p_InputPorts type="ci.SignalInterface" uuid="422295df-780b-4c0d-8842-0070c002ed1f">
          <p_ComputedNumericDimensions>1.0</p_ComputedNumericDimensions>
          <p_ComputedSampleTime>.01</p_ComputedSampleTime>
          <p_ComputedSampleTime>0.0</p_ComputedSampleTime>
        </p_InputPorts>
        <p_InputPorts type="ci.SignalInterface" uuid="9772da89-c427-432a-a5ce-d05527dd1a35">
          <p_ComputedNumericDimensions>1.0</p_ComputedNumericDimensions>
          <p_ComputedSampleTime>.01</p_ComputedSampleTime>
          <p_ComputedSampleTime>0.0</p_ComputedSampleTime>
        </p_InputPorts>
        <p_InputPorts type="ci.SignalInterface" uuid="99e4efae-48bf-4774-8dc1-d68fc241d45e">
          <p_ComputedNumericDimensions>1.0</p_ComputedNumericDimensions>
          <p_ComputedSampleTime>.01</p_ComputedSampleTime>
          <p_ComputedSampleTime>0.0</p_ComputedSampleTime>
        </p_InputPorts>
        <p_InputPorts type="ci.SignalInterface" uuid="623c90db-417b-4f27-9937-8a81568e3bbc">
          <p_ComputedNumericDimensions>1.0</p_ComputedNumericDimensions>
          <p_ComputedSampleTime>.01</p_ComputedSampleTime>
          <p_ComputedSampleTime>0.0</p_ComputedSampleTime>
        </p_InputPorts>
        <p_InputPorts type="ci.SignalInterface" uuid="5b3dcbbc-21c5-44c9-b5b6-00c363aa2d6a">
          <p_ComputedNumericDimensions>1.0</p_ComputedNumericDimensions>
          <p_ComputedSampleTime>.01</p_ComputedSampleTime>
          <p_ComputedSampleTime>0.0</p_ComputedSampleTime>
        </p_InputPorts>
        <p_InputPorts type="ci.SignalInterface" uuid="ddfc7059-4d50-496b-8d9c-d87285c5fba2">
          <p_ComputedNumericDimensions>1.0</p_ComputedNumericDimensions>
          <p_ComputedSampleTime>.01</p_ComputedSampleTime>
          <p_ComputedSampleTime>0.0</p_ComputedSampleTime>
        </p_InputPorts>
        <p_InputPorts type="ci.SignalInterface" uuid="9a56b70d-7288-4281-bd94-06a0c4a636d9">
          <p_ComputedNumericDimensions>1.0</p_ComputedNumericDimensions>
          <p_ComputedSampleTime>.01</p_ComputedSampleTime>
          <p_ComputedSampleTime>0.0</p_ComputedSampleTime>
        </p_InputPorts>
        <p_InputPorts type="ci.SignalInterface" uuid="b090f29d-5ebb-4830-b83e-53f53a073566">
          <p_ComputedNumericDimensions>1.0</p_ComputedNumericDimensions>
          <p_ComputedSampleTime>.01</p_ComputedSampleTime>
          <p_ComputedSampleTime>0.0</p_ComputedSampleTime>
        </p_InputPorts>
        <p_Name>FCEvPowertrainController</p_Name>
        <p_OutputPorts type="ci.SignalInterface" uuid="71ef3831-c092-4935-bb71-387a42e059ef">
          <p_ComputedNumericDimensions>1.0</p_ComputedNumericDimensions>
          <p_ComputedSampleTime>.01</p_ComputedSampleTime>
          <p_ComputedSampleTime>0.0</p_ComputedSampleTime>
        </p_OutputPorts>
        <p_OutputPorts type="ci.SignalInterface" uuid="9aebada9-a6ce-4695-a2ce-2cb3d678a953">
          <p_ComputedNumericDimensions>1.0</p_ComputedNumericDimensions>
          <p_ComputedSampleTime>.01</p_ComputedSampleTime>
          <p_ComputedSampleTime>0.0</p_ComputedSampleTime>
        </p_OutputPorts>
        <p_OutputPorts type="ci.SignalInterface" uuid="2c7b7172-2eb3-45f3-9755-44750a0f268e">
          <p_ComputedNumericDimensions>1.0</p_ComputedNumericDimensions>
          <p_ComputedSampleTime>.01</p_ComputedSampleTime>
          <p_ComputedSampleTime>0.0</p_ComputedSampleTime>
        </p_OutputPorts>
        <p_OutputPorts type="ci.SignalInterface" uuid="37ce076c-6691-4f3c-aabc-a59dff48e456">
          <p_ComputedNumericDimensions>1.0</p_ComputedNumericDimensions>
          <p_ComputedSampleTime>.01</p_ComputedSampleTime>
          <p_ComputedSampleTime>0.0</p_ComputedSampleTime>
        </p_OutputPorts>
        <p_Type>ROOT</p_Type>
      </p_RootComponentInterface>
    </rootBlockDiagramInterface>
    <simulinkFunctions type="ModelRefInfoRepo.SimulinkFunctions" uuid="b369c40a-6c05-401b-9d9d-21f11ec02230">
      <compSimulinkFunctionCatalog></compSimulinkFunctionCatalog>
    </simulinkFunctions>
    <sltpContext type="sltp.mm.core.Context" uuid="a7943d21-25f4-4a5b-ad42-7b0c67369837">
      <globalData type="sltp.mm.core.GlobalData" uuid="8d3f3215-393b-45bf-9eb6-751ba619e628">
        <dataName>portAccCmd</dataName>
        <type>RootInport</type>
      </globalData>
      <globalData type="sltp.mm.core.GlobalData" uuid="6a014900-94ec-45aa-a11e-dff84cff6d74">
        <dataName>portAccelPdl</dataName>
        <type>RootInport</type>
      </globalData>
      <globalData type="sltp.mm.core.GlobalData" uuid="7ec2b520-c77d-4064-a093-7a8dbbe8fc88">
        <dataName>portBattCrnt</dataName>
        <type>RootInport</type>
      </globalData>
      <globalData type="sltp.mm.core.GlobalData" uuid="2326661c-34c2-49f0-b26b-e4b0ce091cc8">
        <dataName>portBattCurr</dataName>
        <type>RootInport</type>
      </globalData>
      <globalData type="sltp.mm.core.GlobalData" uuid="6fd7b1c2-e4cf-4105-906f-c031b2b35114">
        <dataName>portBattPwr</dataName>
        <type>RootInport</type>
      </globalData>
      <globalData type="sltp.mm.core.GlobalData" uuid="35edd4ee-40b0-45db-86a1-13e99ced5d98">
        <dataName>portBattSoc</dataName>
        <type>RootInport</type>
      </globalData>
      <globalData type="sltp.mm.core.GlobalData" uuid="e89f5dcd-227e-4497-ae24-01811a55f8ad">
        <dataName>portBrakeCmd</dataName>
        <type>RootOutport</type>
      </globalData>
      <globalData type="sltp.mm.core.GlobalData" uuid="85f33190-3dec-4d94-b55c-cb8117a6ab05">
        <dataName>portBrkCmd</dataName>
        <type>RootOutport</type>
      </globalData>
      <globalData type="sltp.mm.core.GlobalData" uuid="8657051d-c2ce-4e37-afa0-d89cbcb797ed">
        <dataName>portDecCmd</dataName>
        <type>RootInport</type>
      </globalData>
      <globalData type="sltp.mm.core.GlobalData" uuid="08b590ee-0871-4928-a93b-67b9ddce469a">
        <dataName>portDecelPdl </dataName>
        <type>RootInport</type>
      </globalData>
      <globalData type="sltp.mm.core.GlobalData" uuid="9dd6b726-e750-404a-b589-8b71b2db75ea">
        <dataName>portFCCurrCmd</dataName>
        <type>RootOutport</type>
      </globalData>
      <globalData type="sltp.mm.core.GlobalData" uuid="a50c13e8-a218-4406-ac96-b51f17f477d1">
        <dataName>portFCTempCmd</dataName>
        <type>RootOutport</type>
      </globalData>
      <globalData type="sltp.mm.core.GlobalData" uuid="6f38bfa3-f743-476e-a9d2-d53588b334d6">
        <dataName>portFCVolt</dataName>
        <type>RootInport</type>
      </globalData>
      <globalData type="sltp.mm.core.GlobalData" uuid="041fd68a-7f6a-45de-a92a-2616f111eb7a">
        <dataName>portMotSpd</dataName>
        <type>RootInport</type>
      </globalData>
      <globalData type="sltp.mm.core.GlobalData" uuid="4bbd3f44-bdf0-4c5f-b86b-d4e9f3233a51">
        <dataName>portMotTrqCmd</dataName>
        <type>RootOutport</type>
      </globalData>
      <globalData type="sltp.mm.core.GlobalData" uuid="4dc60fbe-e4aa-46bb-8d84-c06649e4bef1">
        <dataName>portMtrSpd</dataName>
        <type>RootInport</type>
      </globalData>
      <globalData type="sltp.mm.core.GlobalData" uuid="c8dc93bb-0860-463b-a5ce-ac9a3d2f75dd">
        <dataName>portVehSpdFdbk</dataName>
        <type>RootInport</type>
      </globalData>
      <priorityDirection>HighNumberLast</priorityDirection>
      <editorState type="sltp.mm.core.EditorState" uuid="91a860d1-1662-4042-923c-8398025c10b2">
        <isSynchronized>true</isSynchronized>
        <panelState type="sltp.mm.core.EditorPanelState" uuid="f341e72d-5e16-4763-b0ff-7a6ca3afa9b1"/>
      </editorState>
      <rootTask type="sltp.mm.core.Task" uuid="e7d878cd-920c-4977-8c3a-5adf2b3bb4a6">
        <context type="sltp.mm.core.Context" uuid="a7943d21-25f4-4a5b-ad42-7b0c67369837"/>
        <explicit>false</explicit>
        <name>Default</name>
        <priority>-2147483648</priority>
        <subgraph type="sltp.mm.core.Graph" uuid="21761215-75b7-4853-92aa-c780c90a1e4a">
          <tasks type="sltp.mm.core.Task" uuid="0659549b-ac95-4dca-89ec-1f3fb7c8ba2d">
            <context type="sltp.mm.core.Context" uuid="a7943d21-25f4-4a5b-ad42-7b0c67369837"/>
            <explicit>false</explicit>
            <id>1</id>
            <isTimed>true</isTimed>
            <name>D1</name>
            <priority>40</priority>
            <rates type="sltp.mm.core.Rate" uuid="4cf3d553-600e-42e1-84a6-60c19c78dab5">
              <annotation>D1</annotation>
              <color>-436207361</color>
              <hasBlocks>true</hasBlocks>
              <rateSpec type="sltp.mm.core.RateSpec">
                <period>.01</period>
              </rateSpec>
              <sti>0</sti>
            </rates>
          </tasks>
        </subgraph>
      </rootTask>
    </sltpContext>
    <stateWriterToOwnerMap type="ModelRefInfoRepo.StateWriterInfo" uuid="ee9c9cc9-c0e6-43f1-b04e-ea7c7a0f5015"/>
    <stoClientDataRegistry type="sto.ClientDataRegistry" uuid="e31f713a-5387-4cc5-bd2e-08d7071ded26">
      <dataSets type="sto.ClientClockNamedDataSet" uuid="0300ce62-8a1f-4552-9f02-27f892e6bf4f">
        <tag>sltpEvents</tag>
      </dataSets>
      <dataSets type="sto.ClientTaskHierarchyElementNamedDataSet" uuid="9d9d6e9e-09ef-43b7-b6b7-6c6c3beb3383">
        <tag>sltpTaskGroups</tag>
      </dataSets>
      <dataSets type="sto.ClientTaskHierarchyElementNamedDataSet" uuid="43ad8086-7f3f-4412-a62f-8d05f8acecfd">
        <dSet type="ModelRefInfoRepo.SltpTaskData" uuid="36a279fa-c15e-471b-939b-f72b0daa720e"/>
        <tSet type="ModelRefInfoRepo.SltpTaskData" uuid="36a279fa-c15e-471b-939b-f72b0daa720e">
          <dataName>D1</dataName>
          <linkedSet type="sto.ClientTaskHierarchyElementNamedDataSet" uuid="43ad8086-7f3f-4412-a62f-8d05f8acecfd"/>
          <id type="sto.TaskHierarchyElementId">
            <id>_task0</id>
          </id>
        </tSet>
        <tag>sltpTasks</tag>
      </dataSets>
    </stoClientDataRegistry>
    <typeTable type="type_info.TypeTable" uuid="706f825f-5776-49e1-83d1-cdb2934877f6">
      <Types type="type_info.Type" uuid="70c86dda-b79d-46ec-86bc-2e0423b44262">
        <Name>action</Name>
      </Types>
      <Types type="type_info.NumericType" uuid="b387c9e6-7fdc-4d84-bdc5-a90be5c7a01b">
        <MxClassId>3</MxClassId>
        <Size>1</Size>
        <typeEnum>NUMERIC</typeEnum>
        <Name>boolean</Name>
      </Types>
      <Types type="type_info.NumericType" uuid="3be6f69f-f6f6-49e9-b1c3-18e694965411">
        <DataTypeId>1</DataTypeId>
        <MxClassId>6</MxClassId>
        <Size>8</Size>
        <typeEnum>NUMERIC</typeEnum>
        <Name>double</Name>
      </Types>
      <Types type="type_info.Type" uuid="0884c68b-8346-4f9c-b5f4-daf659d4dba5">
        <Name>fcn_call</Name>
      </Types>
      <Types type="type_info.NumericType" uuid="46502bb8-35cd-4330-8d27-21deeced95b5">
        <MxClassId>10</MxClassId>
        <Size>2</Size>
        <typeEnum>NUMERIC</typeEnum>
        <Name>int16</Name>
      </Types>
      <Types type="type_info.NumericType" uuid="c5a407bb-6e38-41f5-99c8-b765b1f4a3b5">
        <MxClassId>12</MxClassId>
        <Size>4</Size>
        <Name>int32</Name>
      </Types>
      <Types type="type_info.FixedPointType" uuid="e7dd134f-c117-4f83-ab0c-b4c71deeb618">
        <DataTypeId>15</DataTypeId>
        <Size>8</Size>
        <typeEnum>FIXPOINT</typeEnum>
        <Name>int64</Name>
      </Types>
      <Types type="type_info.NumericType" uuid="100e2a0c-1f62-4e72-a3a5-68932c7a89fd">
        <MxClassId>8</MxClassId>
        <Size>1</Size>
        <typeEnum>NUMERIC</typeEnum>
        <Name>int8</Name>
      </Types>
      <Types type="type_info.Type" uuid="488da56f-ac59-455a-8f82-96dd3737e64b">
        <Name>integer</Name>
      </Types>
      <Types type="type_info.Type" uuid="9c9cc705-043c-4a35-8fc8-648d0a8e60dd">
        <Name>physical_connection</Name>
      </Types>
      <Types type="type_info.Type" uuid="d941cc1c-da71-4ad6-b8fa-d2b0d1e8b49f">
        <Name>pointer</Name>
      </Types>
      <Types type="type_info.NumericType" uuid="7d116ba3-b72d-44c9-9656-418929227393">
        <MxClassId>7</MxClassId>
        <Size>4</Size>
        <typeEnum>NUMERIC</typeEnum>
        <Name>single</Name>
      </Types>
      <Types type="type_info.NonVirtualBusType" uuid="705840d4-bffb-4b32-bc99-f8c3ae31a4c3">
        <Elements type="type_info.StructElement" uuid="7d47fd4d-65ad-4719-9d58-9dc48dfea15f">
          <Dimensions>1</Dimensions>
          <Dimensions>5</Dimensions>
          <Type type="type_info.NonVirtualBusType" uuid="70875ac4-3a23-4247-a8c4-75df663ff79f"/>
          <Name>mf</Name>
        </Elements>
        <Elements type="type_info.StructElement" uuid="b4fffd91-2e28-4f93-bfbd-8ba646dd5378">
          <Dimensions>1</Dimensions>
          <Dimensions>1</Dimensions>
          <Type type="type_info.NumericType" uuid="c5a407bb-6e38-41f5-99c8-b765b1f4a3b5"/>
          <Name>origNumMF</Name>
        </Elements>
        <LeafOffsets>0</LeafOffsets>
        <LeafOffsets>8</LeafOffsets>
        <LeafOffsets>16</LeafOffsets>
        <LeafOffsets>24</LeafOffsets>
        <LeafOffsets>32</LeafOffsets>
        <LeafOffsets>40</LeafOffsets>
        <LeafOffsets>48</LeafOffsets>
        <LeafOffsets>56</LeafOffsets>
        <LeafOffsets>64</LeafOffsets>
        <LeafOffsets>72</LeafOffsets>
        <LeafOffsets>80</LeafOffsets>
        <LeafOffsets>88</LeafOffsets>
        <LeafOffsets>96</LeafOffsets>
        <LeafOffsets>104</LeafOffsets>
        <LeafOffsets>112</LeafOffsets>
        <LeafOffsets>120</LeafOffsets>
        <LeafOffsets>128</LeafOffsets>
        <LeafOffsets>136</LeafOffsets>
        <LeafOffsets>144</LeafOffsets>
        <LeafOffsets>152</LeafOffsets>
        <LeafOffsets>160</LeafOffsets>
        <DataTypeId>22</DataTypeId>
        <MxClassId>2</MxClassId>
        <Size>168</Size>
        <typeEnum>STRUCT</typeEnum>
        <Name>struct_5glPHvFHAiiblwOGTVSKoE</Name>
      </Types>
      <Types type="type_info.NonVirtualBusType" uuid="6f43f919-78c7-4390-96d3-99f99b35a650">
        <Elements type="type_info.StructElement" uuid="288c31c0-3593-4764-b035-9204655411f9">
          <Dimensions>1</Dimensions>
          <Dimensions>6</Dimensions>
          <Type type="type_info.NumericType" uuid="defe52c7-ea61-4ef9-8c31-3d153b8faa85"/>
          <Name>type</Name>
        </Elements>
        <Elements type="type_info.StructElement" uuid="7044f608-f42d-4c70-9e97-a857737e7afe">
          <Dimensions>1</Dimensions>
          <Dimensions>4</Dimensions>
          <Type type="type_info.NumericType" uuid="defe52c7-ea61-4ef9-8c31-3d153b8faa85"/>
          <Name>andMethod</Name>
        </Elements>
        <Elements type="type_info.StructElement" uuid="61cec373-3b6f-4ee0-a45a-974e944df8f2">
          <Dimensions>1</Dimensions>
          <Dimensions>6</Dimensions>
          <Type type="type_info.NumericType" uuid="defe52c7-ea61-4ef9-8c31-3d153b8faa85"/>
          <Name>orMethod</Name>
        </Elements>
        <Elements type="type_info.StructElement" uuid="da1d5d33-8eaa-44dc-bb7f-3cdb18b20f33">
          <Dimensions>1</Dimensions>
          <Dimensions>6</Dimensions>
          <Type type="type_info.NumericType" uuid="defe52c7-ea61-4ef9-8c31-3d153b8faa85"/>
          <Name>defuzzMethod</Name>
        </Elements>
        <Elements type="type_info.StructElement" uuid="ceb585db-e561-4efb-a0c9-8c7c4168d7f6">
          <Dimensions>1</Dimensions>
          <Dimensions>4</Dimensions>
          <Type type="type_info.NumericType" uuid="defe52c7-ea61-4ef9-8c31-3d153b8faa85"/>
          <Name>impMethod</Name>
        </Elements>
        <Elements type="type_info.StructElement" uuid="849f3561-bb49-480b-955d-6f861f8a58c5">
          <Dimensions>1</Dimensions>
          <Dimensions>3</Dimensions>
          <Type type="type_info.NumericType" uuid="defe52c7-ea61-4ef9-8c31-3d153b8faa85"/>
          <Name>aggMethod</Name>
        </Elements>
        <Elements type="type_info.StructElement" uuid="70c095df-567d-4e91-9232-93846ee0ef1d">
          <Dimensions>2</Dimensions>
          <Dimensions>2</Dimensions>
          <Type type="type_info.NumericType" uuid="3be6f69f-f6f6-49e9-b1c3-18e694965411"/>
          <Name>inputRange</Name>
        </Elements>
        <Elements type="type_info.StructElement" uuid="e0a56536-4bfc-443c-8aea-1c79fdcc143a">
          <Dimensions>1</Dimensions>
          <Dimensions>2</Dimensions>
          <Type type="type_info.NumericType" uuid="3be6f69f-f6f6-49e9-b1c3-18e694965411"/>
          <Name>outputRange</Name>
        </Elements>
        <Elements type="type_info.StructElement" uuid="259df445-22b8-43e0-b39d-392e92aec81d">
          <Dimensions>1</Dimensions>
          <Dimensions>2</Dimensions>
          <Type type="type_info.NonVirtualBusType" uuid="2248a551-61a1-4acf-9ea9-bdb79a4d3327"/>
          <Name>inputMF</Name>
        </Elements>
        <Elements type="type_info.StructElement" uuid="a5f802c0-baf8-4f81-a6fd-c3cdba389b47">
          <Dimensions>1</Dimensions>
          <Dimensions>1</Dimensions>
          <Type type="type_info.NonVirtualBusType" uuid="705840d4-bffb-4b32-bc99-f8c3ae31a4c3"/>
          <Name>outputMF</Name>
        </Elements>
        <Elements type="type_info.StructElement" uuid="51c66126-d462-47be-97d1-4d99b8f85391">
          <Dimensions>15</Dimensions>
          <Dimensions>2</Dimensions>
          <Type type="type_info.NumericType" uuid="3be6f69f-f6f6-49e9-b1c3-18e694965411"/>
          <Name>antecedent</Name>
        </Elements>
        <Elements type="type_info.StructElement" uuid="7845f8f8-44cc-4de3-97af-25d8f2bf9182">
          <Dimensions>15</Dimensions>
          <Dimensions>1</Dimensions>
          <Type type="type_info.NumericType" uuid="3be6f69f-f6f6-49e9-b1c3-18e694965411"/>
          <Name>consequent</Name>
        </Elements>
        <Elements type="type_info.StructElement" uuid="f3ac22e0-ccb0-42db-aaf3-d6e5173491c2">
          <Dimensions>15</Dimensions>
          <Dimensions>1</Dimensions>
          <Type type="type_info.NumericType" uuid="3be6f69f-f6f6-49e9-b1c3-18e694965411"/>
          <Name>connection</Name>
        </Elements>
        <Elements type="type_info.StructElement" uuid="4883d712-f977-45fc-b107-91fa2788c980">
          <Dimensions>15</Dimensions>
          <Dimensions>1</Dimensions>
          <Type type="type_info.NumericType" uuid="3be6f69f-f6f6-49e9-b1c3-18e694965411"/>
          <Name>weight</Name>
        </Elements>
        <Elements type="type_info.StructElement" uuid="b236a3df-2fd8-481a-83e9-5d0852b95e0e">
          <Dimensions>1</Dimensions>
          <Dimensions>1</Dimensions>
          <Type type="type_info.NumericType" uuid="c5a407bb-6e38-41f5-99c8-b765b1f4a3b5"/>
          <Name>numSamples</Name>
        </Elements>
        <Elements type="type_info.StructElement" uuid="0101789f-0723-458f-90de-8eb9a3ea3b56">
          <Dimensions>1</Dimensions>
          <Dimensions>1</Dimensions>
          <Type type="type_info.NumericType" uuid="c5a407bb-6e38-41f5-99c8-b765b1f4a3b5"/>
          <Name>numInputs</Name>
        </Elements>
        <Elements type="type_info.StructElement" uuid="59f1c576-3811-40a9-a638-1283e8f5d61f">
          <Dimensions>1</Dimensions>
          <Dimensions>1</Dimensions>
          <Type type="type_info.NumericType" uuid="c5a407bb-6e38-41f5-99c8-b765b1f4a3b5"/>
          <Name>numOutputs</Name>
        </Elements>
        <Elements type="type_info.StructElement" uuid="f67cd400-a29a-4968-b546-7cb3980bc4fa">
          <Dimensions>1</Dimensions>
          <Dimensions>1</Dimensions>
          <Type type="type_info.NumericType" uuid="c5a407bb-6e38-41f5-99c8-b765b1f4a3b5"/>
          <Name>numRules</Name>
        </Elements>
        <Elements type="type_info.StructElement" uuid="58bc5cae-1a96-4603-8505-10c0a9b62825">
          <Dimensions>1</Dimensions>
          <Dimensions>2</Dimensions>
          <Type type="type_info.NumericType" uuid="c5a407bb-6e38-41f5-99c8-b765b1f4a3b5"/>
          <Name>numInputMFs</Name>
        </Elements>
        <Elements type="type_info.StructElement" uuid="9d6ad6a6-3baf-43dd-aa2c-2ae80fb46a2a">
          <Dimensions>1</Dimensions>
          <Dimensions>2</Dimensions>
          <Type type="type_info.NumericType" uuid="c5a407bb-6e38-41f5-99c8-b765b1f4a3b5"/>
          <Name>numCumInputMFs</Name>
        </Elements>
        <Elements type="type_info.StructElement" uuid="8460d0cf-3cb2-494e-96a0-720a44de5449">
          <Dimensions>1</Dimensions>
          <Dimensions>1</Dimensions>
          <Type type="type_info.NumericType" uuid="c5a407bb-6e38-41f5-99c8-b765b1f4a3b5"/>
          <Name>numOutputMFs</Name>
        </Elements>
        <Elements type="type_info.StructElement" uuid="59b08929-5988-4c23-b39f-fd3a1ff8026e">
          <Dimensions>1</Dimensions>
          <Dimensions>1</Dimensions>
          <Type type="type_info.NumericType" uuid="c5a407bb-6e38-41f5-99c8-b765b1f4a3b5"/>
          <Name>numCumOutputMFs</Name>
        </Elements>
        <Elements type="type_info.StructElement" uuid="5ae7b561-41a1-424d-ad14-77005b8b9190">
          <Dimensions>1</Dimensions>
          <Dimensions>1</Dimensions>
          <Type type="type_info.NumericType" uuid="3be6f69f-f6f6-49e9-b1c3-18e694965411"/>
          <Name>outputSamplePoints</Name>
        </Elements>
        <Elements type="type_info.StructElement" uuid="8c925ec8-337d-4b27-abe3-f9c9f3bb3cce">
          <Dimensions>1</Dimensions>
          <Dimensions>2</Dimensions>
          <Type type="type_info.NumericType" uuid="c5a407bb-6e38-41f5-99c8-b765b1f4a3b5"/>
          <Name>orrSize</Name>
        </Elements>
        <Elements type="type_info.StructElement" uuid="2c5773ce-be03-47cc-b612-1540578f70a1">
          <Dimensions>1</Dimensions>
          <Dimensions>2</Dimensions>
          <Type type="type_info.NumericType" uuid="c5a407bb-6e38-41f5-99c8-b765b1f4a3b5"/>
          <Name>aggSize</Name>
        </Elements>
        <Elements type="type_info.StructElement" uuid="27409ead-639c-4eb5-8e45-41e3855eb349">
          <Dimensions>1</Dimensions>
          <Dimensions>2</Dimensions>
          <Type type="type_info.NumericType" uuid="c5a407bb-6e38-41f5-99c8-b765b1f4a3b5"/>
          <Name>irrSize</Name>
        </Elements>
        <Elements type="type_info.StructElement" uuid="64b7c477-238d-4473-bb78-b135ef0e6556">
          <Dimensions>1</Dimensions>
          <Dimensions>2</Dimensions>
          <Type type="type_info.NumericType" uuid="c5a407bb-6e38-41f5-99c8-b765b1f4a3b5"/>
          <Name>rfsSize</Name>
        </Elements>
        <Elements type="type_info.StructElement" uuid="73b88956-fada-41c5-93e1-512885f1eb99">
          <Dimensions>1</Dimensions>
          <Dimensions>2</Dimensions>
          <Type type="type_info.NumericType" uuid="c5a407bb-6e38-41f5-99c8-b765b1f4a3b5"/>
          <Name>sumSize</Name>
        </Elements>
        <Elements type="type_info.StructElement" uuid="33fcccca-d798-4bf5-944f-485c8c848ea7">
          <Dimensions>1</Dimensions>
          <Dimensions>1</Dimensions>
          <Type type="type_info.NumericType" uuid="c5a407bb-6e38-41f5-99c8-b765b1f4a3b5"/>
          <Name>inputFuzzySetType</Name>
        </Elements>
        <LeafOffsets>0</LeafOffsets>
        <LeafOffsets>6</LeafOffsets>
        <LeafOffsets>10</LeafOffsets>
        <LeafOffsets>16</LeafOffsets>
        <LeafOffsets>22</LeafOffsets>
        <LeafOffsets>26</LeafOffsets>
        <LeafOffsets>32</LeafOffsets>
        <LeafOffsets>64</LeafOffsets>
        <LeafOffsets>80</LeafOffsets>
        <LeafOffsets>88</LeafOffsets>
        <LeafOffsets>96</LeafOffsets>
        <LeafOffsets>128</LeafOffsets>
        <LeafOffsets>136</LeafOffsets>
        <LeafOffsets>144</LeafOffsets>
        <LeafOffsets>152</LeafOffsets>
        <LeafOffsets>184</LeafOffsets>
        <LeafOffsets>192</LeafOffsets>
        <LeafOffsets>200</LeafOffsets>
        <LeafOffsets>208</LeafOffsets>
        <LeafOffsets>240</LeafOffsets>
        <LeafOffsets>248</LeafOffsets>
        <LeafOffsets>256</LeafOffsets>
        <LeafOffsets>264</LeafOffsets>
        <LeafOffsets>296</LeafOffsets>
        <LeafOffsets>304</LeafOffsets>
        <LeafOffsets>312</LeafOffsets>
        <LeafOffsets>320</LeafOffsets>
        <LeafOffsets>352</LeafOffsets>
        <LeafOffsets>360</LeafOffsets>
        <LeafOffsets>368</LeafOffsets>
        <LeafOffsets>376</LeafOffsets>
        <LeafOffsets>384</LeafOffsets>
        <LeafOffsets>416</LeafOffsets>
        <LeafOffsets>424</LeafOffsets>
        <LeafOffsets>432</LeafOffsets>
        <LeafOffsets>440</LeafOffsets>
        <LeafOffsets>472</LeafOffsets>
        <LeafOffsets>480</LeafOffsets>
        <LeafOffsets>488</LeafOffsets>
        <LeafOffsets>496</LeafOffsets>
        <LeafOffsets>528</LeafOffsets>
        <LeafOffsets>536</LeafOffsets>
        <LeafOffsets>544</LeafOffsets>
        <LeafOffsets>552</LeafOffsets>
        <LeafOffsets>584</LeafOffsets>
        <LeafOffsets>592</LeafOffsets>
        <LeafOffsets>600</LeafOffsets>
        <LeafOffsets>608</LeafOffsets>
        <LeafOffsets>640</LeafOffsets>
        <LeafOffsets>648</LeafOffsets>
        <LeafOffsets>656</LeafOffsets>
        <LeafOffsets>664</LeafOffsets>
        <LeafOffsets>672</LeafOffsets>
        <LeafOffsets>680</LeafOffsets>
        <LeafOffsets>688</LeafOffsets>
        <LeafOffsets>696</LeafOffsets>
        <LeafOffsets>704</LeafOffsets>
        <LeafOffsets>712</LeafOffsets>
        <LeafOffsets>720</LeafOffsets>
        <LeafOffsets>728</LeafOffsets>
        <LeafOffsets>736</LeafOffsets>
        <LeafOffsets>744</LeafOffsets>
        <LeafOffsets>752</LeafOffsets>
        <LeafOffsets>760</LeafOffsets>
        <LeafOffsets>768</LeafOffsets>
        <LeafOffsets>776</LeafOffsets>
        <LeafOffsets>784</LeafOffsets>
        <LeafOffsets>792</LeafOffsets>
        <LeafOffsets>800</LeafOffsets>
        <LeafOffsets>808</LeafOffsets>
        <LeafOffsets>816</LeafOffsets>
        <LeafOffsets>824</LeafOffsets>
        <LeafOffsets>1064</LeafOffsets>
        <LeafOffsets>1184</LeafOffsets>
        <LeafOffsets>1304</LeafOffsets>
        <LeafOffsets>1424</LeafOffsets>
        <LeafOffsets>1428</LeafOffsets>
        <LeafOffsets>1432</LeafOffsets>
        <LeafOffsets>1436</LeafOffsets>
        <LeafOffsets>1440</LeafOffsets>
        <LeafOffsets>1448</LeafOffsets>
        <LeafOffsets>1456</LeafOffsets>
        <LeafOffsets>1460</LeafOffsets>
        <LeafOffsets>1464</LeafOffsets>
        <LeafOffsets>1472</LeafOffsets>
        <LeafOffsets>1480</LeafOffsets>
        <LeafOffsets>1488</LeafOffsets>
        <LeafOffsets>1496</LeafOffsets>
        <LeafOffsets>1504</LeafOffsets>
        <LeafOffsets>1512</LeafOffsets>
        <DataTypeId>23</DataTypeId>
        <MxClassId>2</MxClassId>
        <Size>1520</Size>
        <typeEnum>STRUCT</typeEnum>
        <Name>struct_7Lqzn3wFo4w8m6DtNU4MYG</Name>
      </Types>
      <Types type="type_info.NonVirtualBusType" uuid="de4947bc-fe93-425f-b146-ac11265b5ba4">
        <Elements type="type_info.StructElement" uuid="fcfbf002-9212-40c9-81d7-10ac474183d7">
          <Dimensions>1</Dimensions>
          <Dimensions>1</Dimensions>
          <Type type="type_info.NumericType" uuid="3be6f69f-f6f6-49e9-b1c3-18e694965411"/>
          <Name>maxPWR</Name>
        </Elements>
        <Elements type="type_info.StructElement" uuid="783d38c3-d9ce-46ab-96d1-002da1da7b99">
          <Dimensions>1</Dimensions>
          <Dimensions>1</Dimensions>
          <Type type="type_info.NumericType" uuid="3be6f69f-f6f6-49e9-b1c3-18e694965411"/>
          <Name>opLimit</Name>
        </Elements>
        <Elements type="type_info.StructElement" uuid="285efdbc-7fac-4ed4-ab1d-a36d1afa73a0">
          <Dimensions>1</Dimensions>
          <Dimensions>1</Dimensions>
          <Type type="type_info.NumericType" uuid="3be6f69f-f6f6-49e9-b1c3-18e694965411"/>
          <Name>minV</Name>
        </Elements>
        <Elements type="type_info.StructElement" uuid="ee290bac-a9e6-4382-a42b-7e55079ecf2a">
          <Dimensions>1</Dimensions>
          <Dimensions>1</Dimensions>
          <Type type="type_info.NumericType" uuid="3be6f69f-f6f6-49e9-b1c3-18e694965411"/>
          <Name>SOCtgt</Name>
        </Elements>
        <Elements type="type_info.StructElement" uuid="bca83837-fde0-443b-9674-0720505cf01c">
          <Dimensions>1</Dimensions>
          <Dimensions>1</Dimensions>
          <Type type="type_info.NumericType" uuid="3be6f69f-f6f6-49e9-b1c3-18e694965411"/>
          <Name>tempTgt</Name>
        </Elements>
        <LeafOffsets>0</LeafOffsets>
        <LeafOffsets>8</LeafOffsets>
        <LeafOffsets>16</LeafOffsets>
        <LeafOffsets>24</LeafOffsets>
        <LeafOffsets>32</LeafOffsets>
        <DataTypeId>17</DataTypeId>
        <MxClassId>2</MxClassId>
        <Size>40</Size>
        <typeEnum>STRUCT</typeEnum>
        <Name>struct_IDgMmAocjV2Mcx0AXuhokB</Name>
      </Types>
      <Types type="type_info.NonVirtualBusType" uuid="06c6e7a8-db17-440f-afa5-604d31e4af35">
        <Elements type="type_info.StructElement" uuid="0df7c374-9cd7-46dc-a289-762e8c9e96e6">
          <Dimensions>1</Dimensions>
          <Dimensions>1</Dimensions>
          <Type type="type_info.NumericType" uuid="defe52c7-ea61-4ef9-8c31-3d153b8faa85"/>
          <Name>SimulinkDiagnostic</Name>
        </Elements>
        <Elements type="type_info.StructElement" uuid="98723f16-4d56-4a7f-9292-c706f7523606">
          <Dimensions>1</Dimensions>
          <Dimensions>42</Dimensions>
          <Type type="type_info.NumericType" uuid="defe52c7-ea61-4ef9-8c31-3d153b8faa85"/>
          <Name>Model</Name>
        </Elements>
        <Elements type="type_info.StructElement" uuid="fea68dc4-8f61-4308-bece-48f625634026">
          <Dimensions>1</Dimensions>
          <Dimensions>66</Dimensions>
          <Type type="type_info.NumericType" uuid="defe52c7-ea61-4ef9-8c31-3d153b8faa85"/>
          <Name>Block</Name>
        </Elements>
        <Elements type="type_info.StructElement" uuid="8e2dd66d-86a5-4d7a-a3f9-284a90882a7f">
          <Dimensions>1</Dimensions>
          <Dimensions>1</Dimensions>
          <Type type="type_info.NumericType" uuid="defe52c7-ea61-4ef9-8c31-3d153b8faa85"/>
          <Name>OutOfRangeInputValue</Name>
        </Elements>
        <Elements type="type_info.StructElement" uuid="98d87d1a-d140-4449-b28e-69cd93d98d60">
          <Dimensions>1</Dimensions>
          <Dimensions>1</Dimensions>
          <Type type="type_info.NumericType" uuid="defe52c7-ea61-4ef9-8c31-3d153b8faa85"/>
          <Name>NoRuleFired</Name>
        </Elements>
        <Elements type="type_info.StructElement" uuid="e97dcc97-5e2d-4726-99ed-8b4664d3352b">
          <Dimensions>1</Dimensions>
          <Dimensions>1</Dimensions>
          <Type type="type_info.NumericType" uuid="defe52c7-ea61-4ef9-8c31-3d153b8faa85"/>
          <Name>EmptyOutputFuzzySet</Name>
        </Elements>
        <LeafOffsets>0</LeafOffsets>
        <LeafOffsets>1</LeafOffsets>
        <LeafOffsets>43</LeafOffsets>
        <LeafOffsets>109</LeafOffsets>
        <LeafOffsets>110</LeafOffsets>
        <LeafOffsets>111</LeafOffsets>
        <DataTypeId>18</DataTypeId>
        <MxClassId>2</MxClassId>
        <Size>112</Size>
        <typeEnum>STRUCT</typeEnum>
        <Name>struct_IrVVNAL3AYACbvpTBmlCsC</Name>
      </Types>
      <Types type="type_info.NonVirtualBusType" uuid="e849b2d6-f7de-405e-a453-580dfd81af86">
        <Elements type="type_info.StructElement" uuid="5e884141-698c-4bdd-8d23-1008cbe73053">
          <Dimensions>1</Dimensions>
          <Dimensions>6</Dimensions>
          <Type type="type_info.NumericType" uuid="defe52c7-ea61-4ef9-8c31-3d153b8faa85"/>
          <Name>type</Name>
        </Elements>
        <Elements type="type_info.StructElement" uuid="bf61ffdf-36f2-44cc-80a6-5791f2718ca0">
          <Dimensions>1</Dimensions>
          <Dimensions>1</Dimensions>
          <Type type="type_info.NumericType" uuid="c5a407bb-6e38-41f5-99c8-b765b1f4a3b5"/>
          <Name>origTypeLength</Name>
        </Elements>
        <Elements type="type_info.StructElement" uuid="5d975bbd-6d97-4ad8-9b27-d34d29738d84">
          <Dimensions>1</Dimensions>
          <Dimensions>4</Dimensions>
          <Type type="type_info.NumericType" uuid="3be6f69f-f6f6-49e9-b1c3-18e694965411"/>
          <Name>params</Name>
        </Elements>
        <Elements type="type_info.StructElement" uuid="ba46ddc5-5342-4129-8a0c-c1b519a6e730">
          <Dimensions>1</Dimensions>
          <Dimensions>1</Dimensions>
          <Type type="type_info.NumericType" uuid="c5a407bb-6e38-41f5-99c8-b765b1f4a3b5"/>
          <Name>origParamLength</Name>
        </Elements>
        <LeafOffsets>0</LeafOffsets>
        <LeafOffsets>8</LeafOffsets>
        <LeafOffsets>16</LeafOffsets>
        <LeafOffsets>48</LeafOffsets>
        <DataTypeId>19</DataTypeId>
        <MxClassId>2</MxClassId>
        <Size>56</Size>
        <typeEnum>STRUCT</typeEnum>
        <Name>struct_nDiNttezQ8pHMZv76leKsH</Name>
      </Types>
      <Types type="type_info.NonVirtualBusType" uuid="70875ac4-3a23-4247-a8c4-75df663ff79f">
        <Elements type="type_info.StructElement" uuid="e288509c-0de6-4af9-8836-b687342b76ed">
          <Dimensions>1</Dimensions>
          <Dimensions>8</Dimensions>
          <Type type="type_info.NumericType" uuid="defe52c7-ea61-4ef9-8c31-3d153b8faa85"/>
          <Name>type</Name>
        </Elements>
        <Elements type="type_info.StructElement" uuid="9272c251-7ca6-4602-bff5-a70ae892faa0">
          <Dimensions>1</Dimensions>
          <Dimensions>1</Dimensions>
          <Type type="type_info.NumericType" uuid="c5a407bb-6e38-41f5-99c8-b765b1f4a3b5"/>
          <Name>origTypeLength</Name>
        </Elements>
        <Elements type="type_info.StructElement" uuid="5c963d61-a293-461e-836b-a80fece03671">
          <Dimensions>1</Dimensions>
          <Dimensions>1</Dimensions>
          <Type type="type_info.NumericType" uuid="3be6f69f-f6f6-49e9-b1c3-18e694965411"/>
          <Name>params</Name>
        </Elements>
        <Elements type="type_info.StructElement" uuid="0e3ad508-e315-4e24-ae07-594ddd837817">
          <Dimensions>1</Dimensions>
          <Dimensions>1</Dimensions>
          <Type type="type_info.NumericType" uuid="c5a407bb-6e38-41f5-99c8-b765b1f4a3b5"/>
          <Name>origParamLength</Name>
        </Elements>
        <LeafOffsets>0</LeafOffsets>
        <LeafOffsets>8</LeafOffsets>
        <LeafOffsets>16</LeafOffsets>
        <LeafOffsets>24</LeafOffsets>
        <DataTypeId>21</DataTypeId>
        <MxClassId>2</MxClassId>
        <Size>32</Size>
        <typeEnum>STRUCT</typeEnum>
        <Name>struct_qH4Unbydb9KS7ehcrvtFcB</Name>
      </Types>
      <Types type="type_info.NonVirtualBusType" uuid="2248a551-61a1-4acf-9ea9-bdb79a4d3327">
        <Elements type="type_info.StructElement" uuid="7c5a1af3-196e-4cb6-bee9-35454f88af0a">
          <Dimensions>1</Dimensions>
          <Dimensions>5</Dimensions>
          <Type type="type_info.NonVirtualBusType" uuid="e849b2d6-f7de-405e-a453-580dfd81af86"/>
          <Name>mf</Name>
        </Elements>
        <Elements type="type_info.StructElement" uuid="99511468-4245-4b61-85ec-f4de42eda877">
          <Dimensions>1</Dimensions>
          <Dimensions>1</Dimensions>
          <Type type="type_info.NumericType" uuid="c5a407bb-6e38-41f5-99c8-b765b1f4a3b5"/>
          <Name>origNumMF</Name>
        </Elements>
        <LeafOffsets>0</LeafOffsets>
        <LeafOffsets>8</LeafOffsets>
        <LeafOffsets>16</LeafOffsets>
        <LeafOffsets>48</LeafOffsets>
        <LeafOffsets>56</LeafOffsets>
        <LeafOffsets>64</LeafOffsets>
        <LeafOffsets>72</LeafOffsets>
        <LeafOffsets>104</LeafOffsets>
        <LeafOffsets>112</LeafOffsets>
        <LeafOffsets>120</LeafOffsets>
        <LeafOffsets>128</LeafOffsets>
        <LeafOffsets>160</LeafOffsets>
        <LeafOffsets>168</LeafOffsets>
        <LeafOffsets>176</LeafOffsets>
        <LeafOffsets>184</LeafOffsets>
        <LeafOffsets>216</LeafOffsets>
        <LeafOffsets>224</LeafOffsets>
        <LeafOffsets>232</LeafOffsets>
        <LeafOffsets>240</LeafOffsets>
        <LeafOffsets>272</LeafOffsets>
        <LeafOffsets>280</LeafOffsets>
        <DataTypeId>20</DataTypeId>
        <MxClassId>2</MxClassId>
        <Size>288</Size>
        <typeEnum>STRUCT</typeEnum>
        <Name>struct_rymdL7RCSjnd1DH1clnSMH</Name>
      </Types>
      <Types type="type_info.Type" uuid="8403fff6-1c25-4b72-b54c-124068dfb1eb">
        <Name>timer_uint32_pair</Name>
      </Types>
      <Types type="type_info.NumericType" uuid="335a535e-0ff6-4440-83e6-5b7a4cbdfb5c">
        <MxClassId>11</MxClassId>
        <Size>2</Size>
        <typeEnum>NUMERIC</typeEnum>
        <Name>uint16</Name>
      </Types>
      <Types type="type_info.NumericType" uuid="d701a544-481a-46a8-839b-338123d78bc8">
        <MxClassId>13</MxClassId>
        <Size>4</Size>
        <typeEnum>NUMERIC</typeEnum>
        <Name>uint32</Name>
      </Types>
      <Types type="type_info.FixedPointType" uuid="db17ea38-449f-4aab-aae4-1c2a9c98e441">
        <DataTypeId>16</DataTypeId>
        <Size>8</Size>
        <typeEnum>FIXPOINT</typeEnum>
        <Name>uint64</Name>
      </Types>
      <Types type="type_info.NumericType" uuid="defe52c7-ea61-4ef9-8c31-3d153b8faa85">
        <MxClassId>9</MxClassId>
        <Size>1</Size>
        <typeEnum>NUMERIC</typeEnum>
        <Name>uint8</Name>
      </Types>
      <isInitialized>true</isInitialized>
    </typeTable>
    <varTsUIDMap type="ModelRefInfoRepo.VarTsUIDMap" uuid="9cada4a2-cafb-4ebd-b572-73b9d68ebe0e"/>
  </ModelRefInfoRepo.ModelRefInfoRoot>
</MF0>